	sumsquare_error	aic	bic	kl_div
norm	3.2436878964163686e-05	1290.4967368048412	-210925.58468926232	inf
