	sumsquare_error	aic	bic	kl_div
norm	5.062763175011116e-05	1241.9429594060516	-206138.7782243387	inf
