	sumsquare_error	aic	bic	kl_div
gennorm	2.4234035773310687e-05	1477.1515428449559	-214050.91769952624	inf
genlogistic	2.6945790575329933e-05	1409.3654810693554	-212910.46371131873	inf
logistic	3.025204240177575e-05	1418.6639228721365	-211675.34654570813	inf
gamma	3.80603195180654e-05	1612.2887447828205	-209197.3124901715	inf
norm	4.6150264091548784e-05	1556.0581564489612	-207134.35779209275	inf
