	sumsquare_error	aic	bic	kl_div
genlogistic	1.0416606134440603e-05	1433.0011233843436	-223064.17845968102	inf
gennorm	1.685169318907616e-05	1448.3347268479995	-217893.37350008506	inf
logistic	1.74751170679503e-05	1411.5443032850462	-217512.17876264077	inf
gamma	3.5404706754229144e-05	1557.7436780227956	-209913.38434206505	inf
norm	4.8328377515379785e-05	1526.2430570965755	-206577.85603760742	inf
