	sumsquare_error	aic	bic	kl_div
norm	2.7104761932084432e-05	1351.9936678062888	-212856.49965794606	inf
