	sumsquare_error	aic	bic	kl_div
norm	4.442348798456759e-05	1299.1094041499125	-207544.37827135046	inf
