	sumsquare_error	aic	bic	kl_div
gennorm	1.72056877705141e-05	1504.2959243340472	-217733.67197185184	inf
gamma	2.362561708753699e-05	1575.8269497628462	-214324.30330736408	inf
norm	2.4578905066507824e-05	1549.1044901293108	-213908.26967435866	inf
logistic	2.492229038525143e-05	1402.3459322403023	-213759.09597715916	inf
genlogistic	2.5804390141029826e-05	1405.0728205496061	-213375.83664955752	inf
