	sumsquare_error	aic	bic	kl_div
genlogistic	1.5381703723192424e-05	1325.6226055184773	-218724.91051203432	inf
logistic	2.460923646637739e-05	1318.5325399940562	-213686.06359040868	inf
gennorm	2.506588266668473e-05	1335.0683563808802	-213479.2811242638	inf
gamma	3.795542140984999e-05	1365.581556624172	-209022.37499708502	inf
genextreme	4.84194694318364e-05	1387.367031546019	-206406.80924620476	inf
