	sumsquare_error	aic	bic	kl_div
logistic	2.9385051923542462e-05	1338.552914429707	-211987.9888207009	inf
gennorm	3.630357658969132e-05	1383.8195256377862	-209705.40891495827	inf
genlogistic	3.7121887533675086e-05	1341.0947224069116	-209465.7415549443	inf
gamma	3.733468507077753e-05	1478.52434741182	-209404.28276712893	inf
norm	5.199834179740641e-05	1431.5966777927083	-205851.54585248747	inf
