	sumsquare_error	aic	bic	kl_div
norm	3.2107995291006956e-05	1288.9976582812933	-211035.1576924973	inf
gennorm	3.2247085500244686e-05	1291.372973516836	-210979.39832050662	inf
gamma	3.240573136405157e-05	1291.5901719125206	-210926.63143937243	inf
gengamma	3.318762103845005e-05	1294.797176993159	-210661.0032252857	inf
genlogistic	5.7984762797528795e-05	1232.0730842022347	-204670.63438066025	inf
