	sumsquare_error	aic	bic	kl_div
gennorm	2.8751118629043684e-05	1527.7769209941775	-212213.2009838006	inf
genlogistic	3.440223237264451e-05	1410.1950883507438	-210283.81069306232	inf
gamma	4.127312803388759e-05	1653.6642487484771	-208325.97709446907	inf
gengamma	4.182413570037698e-05	1659.9994217867363	-208174.10179620679	inf
logistic	4.306404596312783e-05	1423.7540636554138	-207878.54924480699	inf
