	sumsquare_error	aic	bic	kl_div
genextreme	2.9157530741352562e-05	1365.2721697984755	-212062.28001346448	inf
gennorm	3.3473452392361436e-05	1334.7367796275385	-210578.08000983714	inf
gamma	3.868280099349721e-05	1308.0309825920951	-209022.88467004822	inf
norm	4.442348798456759e-05	1299.1094041499125	-207544.37827135046	inf
gengamma	9.406992683123976e-05	1644.2982473631869	-199458.90878514558	inf
