	sumsquare_error	aic	bic	kl_div
norm	7.498248780506581e-05	1510.121051198015	-201915.85408860378	inf
