	sumsquare_error	aic	bic	kl_div
genlogistic	1.5534917824605665e-05	1391.3285712536428	-218789.27640451593	inf
logistic	2.3190255497516593e-05	1383.3652051862978	-214491.65847239207	inf
gennorm	2.3200467095009018e-05	1414.4719242037597	-214477.64319808237	inf
gamma	4.044917392907583e-05	1476.8941538084448	-208501.99974708076	inf
norm	5.31594181227306e-05	1475.9872599471742	-205573.85494063856	inf
