	sumsquare_error	aic	bic	kl_div
genlogistic	2.086645592224987e-05	1403.2273953184083	-215617.46056023703	inf
logistic	2.6619286813488324e-05	1389.2282858600188	-213009.19205856236	inf
gennorm	2.6980972448829773e-05	1430.1998417461252	-212854.82877112963	inf
gamma	4.706924262082746e-05	1523.6295194726808	-206872.58415416526	inf
norm	5.5426326762394955e-05	1507.0154068953111	-205124.94133494663	inf
