	sumsquare_error	aic	bic	kl_div
norm	5.364876268337639e-05	1464.4317111165167	-205354.65993384604	inf
