	sumsquare_error	aic	bic	kl_div
logistic	3.320764235755304e-05	1306.3090980628635	-210673.0844439077	inf
gennorm	3.619505842689766e-05	1335.54175037786	-209737.596780495	inf
genlogistic	3.962792388467001e-05	1307.5008601408988	-208763.34283143433	inf
gamma	4.498939165743499e-05	1371.7542399650952	-207398.992492322	inf
gengamma	4.540145781274101e-05	1374.3592734746333	-207291.6783507238	inf
