	sumsquare_error	aic	bic	kl_div
weibull_max	3.4374812839640336e-05	1302.7179362173956	-210292.3837520988	inf
genextreme	3.4375938620107794e-05	1302.7159662012566	-210292.03162819234	inf
gamma	3.548686880029682e-05	1257.7410360131648	-209950.05486902475	inf
gennorm	3.694167871607244e-05	1267.1685082921554	-209518.06442106367	inf
norm	3.806489274364109e-05	1254.7604169940498	-209205.30348345844	inf
