	sumsquare_error	aic	bic	kl_div
norm	5.8784367065191066e-05	1478.8635088820695	-204512.63694471968	inf
