	sumsquare_error	aic	bic	kl_div
norm	6.330285637074855e-05	1623.054652203607	-203676.5769141238	inf
