	sumsquare_error	aic	bic	kl_div
norm	6.704328185881957e-05	1257.0337446435958	-203119.1768734085	inf
