	sumsquare_error	aic	bic	kl_div
genlogistic	1.2886688609203818e-05	1384.4336051299929	-220733.77690729286	inf
logistic	2.2173523002999225e-05	1362.0480146455152	-214910.61906020175	inf
gennorm	2.3068681327574142e-05	1389.9104517152475	-214476.00275214578	inf
gamma	3.3592766861779284e-05	1469.0202016856879	-210436.90550214323	inf
norm	4.651404002904226e-05	1437.3453631161203	-206948.64732784135	inf
