	sumsquare_error	aic	bic	kl_div
genlogistic	1.529018561734742e-05	1341.6401118870338	-218831.7542464788	inf
logistic	2.1929537224639333e-05	1330.1731052942498	-214966.49961224478	inf
gennorm	2.2663425253162795e-05	1347.908192920681	-214603.5471307142	inf
gamma	3.631084900832631e-05	1390.0409363123097	-209539.21054597732	inf
norm	4.848208443701204e-05	1377.7229841885214	-206442.641095581	inf
