	sumsquare_error	aic	bic	kl_div
norm	4.8328377515379785e-05	1526.2430570965755	-206577.85603760742	inf
