	sumsquare_error	aic	bic	kl_div
norm	3.804026113067994e-05	1335.9797053565944	-209212.26330413608	inf
