	sumsquare_error	aic	bic	kl_div
genlogistic	1.6514037857389025e-05	1399.0426237882361	-218153.52427081345	inf
gennorm	2.358648831000499e-05	1413.5156339914822	-214321.1881882681	inf
logistic	2.433892477609992e-05	1379.2003289625688	-213992.85844434553	inf
gamma	4.4101176692438116e-05	1505.7962051110546	-207593.07858532146	inf
norm	5.8784367065191066e-05	1478.8635088820695	-204512.63694471968	inf
