	sumsquare_error	aic	bic	kl_div
norm	3.367542551559493e-05	1405.70124055207	-210460.93826582457	inf
