	sumsquare_error	aic	bic	kl_div
norm	6.56853845922704e-05	1364.2557488926984	-203339.1839179944	inf
