	sumsquare_error	aic	bic	kl_div
genlogistic	1.8839733672928817e-05	1334.8412233672395	-216567.70800770583	inf
gennorm	2.366009488654158e-05	1338.7961299413762	-214120.21909602598	inf
logistic	2.4899457267474817e-05	1326.2759739199223	-213581.0050174735	inf
gamma	4.321734776958632e-05	1378.3998162697578	-207648.0760308016	inf
gengamma	4.382712735395325e-05	1381.1544123091421	-207488.2739742211	inf
