	sumsquare_error	aic	bic	kl_div
norm	5.7292370436097005e-05	1370.5231647103578	-204628.6326059256	inf
