	sumsquare_error	aic	bic	kl_div
genlogistic	9.514133089391225e-06	1360.4480990305758	-224038.28390103328	inf
logistic	1.5121858044805438e-05	1346.8356684705554	-219066.87905405165	inf
gennorm	1.666508003534203e-05	1372.477889145011	-218013.07031600762	inf
gamma	2.5812614900084985e-05	1422.8731093251351	-213309.86893106825	inf
norm	3.367542551559493e-05	1405.70124055207	-210460.93826582457	inf
