	sumsquare_error	aic	bic	kl_div
norm	2.672019946615643e-05	1344.2717016062081	-213010.14160712404	inf
