	sumsquare_error	aic	bic	kl_div
norm	5.717836950481619e-05	1375.1507678097046	-204830.49462550593	inf
