	sumsquare_error	aic	bic	kl_div
norm	2.7104761932084432e-05	1351.9936678062888	-212856.49965794606	inf
gennorm	2.7155711171919175e-05	1351.9746373746073	-212827.02508175303	inf
gengamma	2.8273016232569784e-05	1356.111590544899	-212384.21644152614	inf
gamma	3.2891110224574e-05	1357.5780215944842	-210766.7802273594	inf
logistic	6.78347968316787e-05	1267.8779870879341	-202992.98191621975	inf
