	sumsquare_error	aic	bic	kl_div
gennorm	5.760294913991865e-05	1246.3408611677298	-204741.66745691482	inf
norm	6.704328185881957e-05	1257.0337446435958	-203119.1768734085	inf
genlogistic	7.772834764941273e-05	1202.7411070576302	-201519.87088322776	inf
gamma	8.639139477563707e-05	1262.0844029109433	-200383.7280322582	inf
logistic	0.00010698506418528577	1213.4566729956466	-198094.22076055585	inf
