	sumsquare_error	aic	bic	kl_div
norm	4.383416297561789e-05	1415.3286051628195	-207545.74757249776	inf
