	sumsquare_error	aic	bic	kl_div
weibull_max	3.000779943751288e-05	1281.9235912081156	-211753.22339413673	inf
genextreme	3.0007887696777023e-05	1281.922608154615	-211753.19177028458	inf
gengamma	3.726352856663559e-05	1258.780165583697	-209415.51180439326	inf
gamma	3.964032643503144e-05	1248.0240067377554	-208759.978250482	inf
gennorm	4.1172860193452815e-05	1260.6551376386763	-208352.12949739487	inf
