	sumsquare_error	aic	bic	kl_div
gennorm	2.8783284254764833e-05	1288.6448102557508	-212201.17879094032	inf
gamma	3.510438130018088e-05	1303.9299277542661	-210066.5720249517	inf
genlogistic	3.7819236268960964e-05	1260.6927363056304	-209265.63486738122	inf
norm	3.9492981416126305e-05	1305.8182281867244	-208809.30126563975	inf
gengamma	4.127290462639738e-05	1312.7090845015027	-208316.7524471103	inf
