	sumsquare_error	aic	bic	kl_div
norm	4.462804343672029e-05	1592.4315631336863	-207494.98251016054	inf
