	sumsquare_error	aic	bic	kl_div
gamma	4.454724458879135e-05	1287.0248866209702	-207505.1837482048	inf
gennorm	4.512257542071985e-05	1278.503209377182	-207367.20996860255	inf
gengamma	5.1549263427783036e-05	1322.4424269881415	-205926.24201396832	inf
norm	5.258952116654339e-05	1288.7278886968058	-205729.99392295844	inf
genlogistic	5.8118491282958584e-05	1242.7080733417638	-204645.86592222948	inf
