	sumsquare_error	aic	bic	kl_div
genlogistic	2.0837178587452542e-05	1359.8764279929453	-215632.55427590362	inf
gennorm	2.320437852940637e-05	1417.0192261343025	-214475.83097699616	inf
logistic	2.7868897165463538e-05	1357.939222592604	-212516.03313381987	inf
gamma	3.0367097318592132e-05	1458.38764640235	-211583.87988052692	inf
norm	3.574660944982833e-05	1467.3790182160885	-209839.88347793394	inf
