	sumsquare_error	aic	bic	kl_div
norm	4.3310007130635346e-05	1370.2260757728745	-207756.32474288615	inf
