	sumsquare_error	aic	bic	kl_div
norm	5.2179403012955334e-05	1500.2486298116164	-205773.8850204669	inf
