	sumsquare_error	aic	bic	kl_div
genlogistic	1.41781500848211e-05	1478.0367784676557	-219750.2534106409	inf
gennorm	2.2409266405188886e-05	1501.1869940191423	-214829.65681897887	inf
logistic	2.3426168356902725e-05	1455.5690543334556	-214361.90789016176	inf
gamma	5.113256783779396e-05	1654.1484940147154	-205962.3006834397	inf
norm	6.330285637074855e-05	1623.054652203607	-203676.5769141238	inf
