	sumsquare_error	aic	bic	kl_div
logistic	1.8618169189070706e-05	1480.010193151007	-216894.64429106176	inf
gennorm	2.3847874276886574e-05	1566.0479106313546	-214223.62704821455	inf
genlogistic	2.5093971029980058e-05	1482.2051111226829	-213676.00043440633	inf
gamma	3.272947972581281e-05	1750.8199465982013	-210819.7469757065	inf
norm	4.4316616340291264e-05	1682.0396737450656	-207570.27602036807	inf
