	sumsquare_error	aic	bic	kl_div
norm	4.1937103827381834e-05	1629.1312234466852	-208102.57961327478	inf
