	sumsquare_error	aic	bic	kl_div
norm	5.198298593207804e-05	1361.439420896081	-205653.25364437074	inf
