	sumsquare_error	aic	bic	kl_div
norm	4.651404002904226e-05	1437.3453631161203	-206948.64732784135	inf
