	sumsquare_error	aic	bic	kl_div
norm	3.985855931029783e-05	1388.064449307256	-208587.75485604498	inf
