	sumsquare_error	aic	bic	kl_div
gennorm	3.056870433520279e-05	1500.3238586961477	-211554.1025651167	inf
gamma	3.2001403964394244e-05	1612.9132177768058	-211061.62844827957	inf
genlogistic	4.015061596609906e-05	1396.4232828939428	-208622.4511659196	inf
norm	4.070887980361996e-05	1554.725883316695	-208483.26541076342	inf
logistic	4.949889854004491e-05	1409.6135224902503	-206381.20455378198	inf
