	sumsquare_error	aic	bic	kl_div
gennorm	2.9950545852798328e-05	1384.5544323261993	-211773.75734072822	inf
norm	3.185550844978199e-05	1389.1867775887051	-211120.04211746578	inf
gengamma	3.9701297901007856e-05	1402.7221510110348	-208734.17027334508	inf
gamma	4.0141011158604776e-05	1400.8056311131797	-208625.02356093435	inf
genlogistic	4.937943677124235e-05	1289.9528859005145	-206397.90219191008	inf
