	sumsquare_error	aic	bic	kl_div
genlogistic	1.9706710294673096e-05	1367.4082008745563	-216126.60170265837	inf
logistic	2.144122754029214e-05	1354.1018504089293	-215229.47451583706	inf
gennorm	2.2938247222863508e-05	1376.3170324495006	-214495.01106103952	inf
gamma	3.747293147774464e-05	1434.980591275315	-209221.22383611242	inf
norm	4.383416297561789e-05	1415.3286051628195	-207545.74757249776	inf
