	sumsquare_error	aic	bic	kl_div
gamma	2.2425669110497443e-05	1659.5013921542768	-214884.75504844726	inf
gennorm	2.2440484122446903e-05	1530.148273610097	-214877.65432762358	inf
genlogistic	2.9757164448066272e-05	1424.980007903655	-211843.40476560954	inf
norm	3.0714634161662606e-05	1595.4170245792593	-211512.1793095679	inf
logistic	3.72824616853325e-05	1437.753360631117	-209428.6159332242	inf
