	sumsquare_error	aic	bic	kl_div
genlogistic	1.4971525647011564e-05	1360.1601493304565	-219079.42542814417	inf
logistic	2.2753223278833313e-05	1345.0226170188087	-214591.3157633955	inf
gennorm	2.361765520834892e-05	1362.7115148885443	-214181.37705439157	inf
gamma	3.611862113239897e-05	1414.3850402989297	-209616.750422389	inf
norm	4.928897180494351e-05	1397.407159651503	-206285.50014989983	inf
