	sumsquare_error	aic	bic	kl_div
gengamma	1.9743141296473257e-05	1337.8428819487692	-216245.27797227062	inf
gamma	1.9876898074216628e-05	1335.7363137849463	-216181.96329742976	inf
gennorm	2.3859360278518136e-05	1365.5202287882728	-214218.44974154065	inf
norm	2.672019946615643e-05	1344.2717016062081	-213010.14160712404	inf
logistic	7.958404227007332e-05	1261.8794879303975	-201275.47563008	inf
