	sumsquare_error	aic	bic	kl_div
norm	1.548951955990135e-05	1481.2438535359915	-218872.73601028678	inf
