	sumsquare_error	aic	bic	kl_div
norm	3.2436878964163686e-05	1290.4967368048412	-210925.58468926232	inf
gennorm	3.4602103984526886e-05	1300.4109988883406	-210221.52401096784	inf
gengamma	3.5413152714696264e-05	1298.776390651905	-209963.13014318797	inf
gamma	3.7690312750639676e-05	1294.6781476193967	-209302.35040956017	inf
weibull_max	6.173646493251316e-05	1347.3624845377383	-203996.54317621264	inf
