	sumsquare_error	aic	bic	kl_div
norm	4.848208443701204e-05	1377.7229841885214	-206442.641095581	inf
