	sumsquare_error	aic	bic	kl_div
norm	5.199834179740641e-05	1431.5966777927083	-205851.54585248747	inf
