	sumsquare_error	aic	bic	kl_div
gengamma	2.540061298278211e-05	1498.5078967551262	-213536.12715387184	inf
gamma	2.7308193433270452e-05	1490.1864443455765	-212766.8203068824	inf
norm	3.1806105655287755e-05	1489.6922026353448	-211136.72969161847	inf
gennorm	3.234942011303104e-05	1479.6976241462878	-210945.3313793704	inf
genextreme	4.0752788247418095e-05	1591.3116485229366	-208462.39174694638	inf
