	sumsquare_error	aic	bic	kl_div
norm	5.3794430157798785e-05	1410.267233292874	-205365.75198745783	inf
