	sumsquare_error	aic	bic	kl_div
norm	3.506058824401718e-05	1348.3660712856527	-210089.27646983095	inf
