	sumsquare_error	aic	bic	kl_div
genlogistic	1.4954255342338012e-05	1347.8998683147774	-219070.43502179545	inf
gennorm	2.041650882034309e-05	1357.3586576544565	-215725.3128418921	inf
logistic	2.0732585885374725e-05	1340.5958901826803	-215569.53669476733	inf
gamma	3.88453575852855e-05	1397.8374037451292	-208814.2913089087	inf
norm	4.837674786685404e-05	1393.4997673283722	-206466.00987938794	inf
