	sumsquare_error	aic	bic	kl_div
norm	5.31594181227306e-05	1475.9872599471742	-205573.85494063856	inf
