	sumsquare_error	aic	bic	kl_div
gamma	2.9711459962487447e-05	1335.5695341429084	-211859.93162260577	inf
gennorm	2.997685946001803e-05	1313.0095675006396	-211764.3151190424	inf
genlogistic	3.61794741131137e-05	1282.0625681099073	-209742.2272088657	inf
norm	3.804026113067994e-05	1335.9797053565944	-209212.26330413608	inf
logistic	4.3177457849422285e-05	1290.091842916358	-207850.27039412697	inf
