	sumsquare_error	aic	bic	kl_div
norm	4.6150264091548784e-05	1556.0581564489612	-207134.35779209275	inf
