	sumsquare_error	aic	bic	kl_div
norm	4.070887980361996e-05	1554.725883316695	-208483.26541076342	inf
