	sumsquare_error	aic	bic	kl_div
norm	5.5426326762394955e-05	1507.0154068953111	-205124.94133494663	inf
