	sumsquare_error	aic	bic	kl_div
norm	3.806489274364109e-05	1254.7604169940498	-209205.30348345844	inf
