	sumsquare_error	aic	bic	kl_div
gennorm	2.6447667473729295e-05	1443.405974688315	-213111.08660313633	inf
gamma	2.6861971394695258e-05	1460.9805447409665	-212943.9616501349	inf
norm	3.279279780566964e-05	1486.12819803338	-210808.24922013487	inf
genlogistic	3.3161294717552666e-05	1364.7659110948098	-210678.81855894355	inf
logistic	4.111236109961573e-05	1376.7136475693544	-208377.22287188715	inf
