	sumsquare_error	aic	bic	kl_div
genlogistic	1.0583110044264345e-05	1349.5140195698707	-222828.50495110845	inf
logistic	1.8900855896352014e-05	1338.0445433297753	-216605.66744730063	inf
gennorm	2.0752163569440308e-05	1357.7827058953567	-215592.243423463	inf
gamma	2.930632961639538e-05	1399.3491102664573	-211883.22916824793	inf
norm	3.985855931029783e-05	1388.064449307256	-208587.75485604498	inf
