	sumsquare_error	aic	bic	kl_div
norm	5.258952116654339e-05	1288.7278886968058	-205729.99392295844	inf
