	sumsquare_error	aic	bic	kl_div
genlogistic	1.848917066047515e-05	1333.3025153521653	-216896.57516185215	inf
gennorm	2.295478319185594e-05	1343.955042073307	-214571.12422916156	inf
logistic	2.3643178117509657e-05	1322.819340542035	-214262.79223977626	inf
gamma	3.406590338256987e-05	1381.6961828920807	-210327.73450678194	inf
gengamma	3.4978763781126774e-05	1385.3678892986031	-210034.2038243726	inf
