	sumsquare_error	aic	bic	kl_div
logistic	2.1429130287600066e-05	1397.0771918925868	-215382.7702750035	inf
gennorm	2.5302966502876436e-05	1417.2796009739304	-213586.82310275335	inf
genlogistic	2.697924683018274e-05	1399.2392776698198	-212897.12216477047	inf
gamma	6.501658195193546e-05	1550.4355426793445	-203439.93811080387	inf
norm	7.498248780506581e-05	1510.121051198015	-201915.85408860378	inf
