	sumsquare_error	aic	bic	kl_div
norm	4.928897180494351e-05	1397.407159651503	-206285.50014989983	inf
