	sumsquare_error	aic	bic	kl_div
gennorm	5.982991485217082e-05	1255.8328128132202	-204333.82240474207	inf
norm	6.56838981696745e-05	1262.9751415197318	-203339.42723234333	inf
genlogistic	8.3807000840889e-05	1207.7344871992952	-200710.28269156243	inf
gamma	8.835408346257274e-05	1270.5981394364808	-200142.1914108433	inf
logistic	0.00011576540035597126	1219.270700550272	-197246.14068757833	inf
