	sumsquare_error	aic	bic	kl_div
norm	3.0714634161662606e-05	1595.4170245792593	-211512.1793095679	inf
