	sumsquare_error	aic	bic	kl_div
norm	6.56838981696745e-05	1262.9751415197318	-203339.42723234333	inf
