	sumsquare_error	aic	bic	kl_div
genlogistic	1.4695325339671477e-05	1355.004077756364	-219300.9144474989	inf
logistic	2.0594324543927184e-05	1346.6652911136873	-215683.57120083665	inf
gennorm	2.1465592771078e-05	1365.2716927799909	-215229.01994766993	inf
gamma	4.29270706056317e-05	1416.4764133706863	-207781.49039443053	inf
norm	5.3794430157798785e-05	1410.267233292874	-205365.75198745783	inf
