	sumsquare_error	aic	bic	kl_div
genlogistic	1.3515788012587425e-05	1418.960759484896	-220286.01791686637	inf
logistic	2.042372548989426e-05	1398.3571225655446	-215857.28396447556	inf
gennorm	2.263026560063401e-05	1428.2038933796885	-214745.14851618846	inf
gamma	4.244344489899659e-05	1528.8880200521978	-207984.6424496907	inf
norm	5.2179403012955334e-05	1500.2486298116164	-205773.8850204669	inf
