	sumsquare_error	aic	bic	kl_div
norm	3.2107995291006956e-05	1288.9976582812933	-211035.1576924973	inf
