	sumsquare_error	aic	bic	kl_div
norm	3.1806105655287755e-05	1489.6922026353448	-211136.72969161847	inf
