	sumsquare_error	aic	bic	kl_div
norm	6.0725321847022665e-05	1252.2953949780062	-204183.3843916853	inf
