	sumsquare_error	aic	bic	kl_div
norm	3.185550844978199e-05	1389.1867775887051	-211120.04211746578	inf
