	sumsquare_error	aic	bic	kl_div
genextreme	2.417951369609231e-05	1430.6665552355778	-214075.1349539315	inf
gamma	2.8836539839972647e-05	1366.7639561012895	-212181.30354056595	inf
gennorm	2.904727671157422e-05	1373.1148867411982	-212103.01385652373	inf
norm	3.506058824401718e-05	1348.3660712856527	-210089.27646983095	inf
weibull_min	7.354012496647474e-05	1390.1934072644365	-202115.41180143162	inf
