	sumsquare_error	aic	bic	kl_div
genlogistic	1.5995595949338975e-05	1441.1618146464161	-218453.80170794384	inf
gennorm	2.560034167802782e-05	1528.2199357760817	-213398.6301298528	inf
logistic	2.6321712208254324e-05	1440.8680810543806	-213109.21454506027	inf
gengamma	3.173451988467946e-05	1619.9421134479303	-211080.46939642567	inf
gamma	3.223370168819119e-05	1602.302070919442	-210921.986971293	inf
