	sumsquare_error	aic	bic	kl_div
norm	4.4316616340291264e-05	1682.0396737450656	-207570.27602036807	inf
