	sumsquare_error	aic	bic	kl_div
genlogistic	1.0774342671014531e-05	1404.875397476757	-222722.94461271443	inf
logistic	1.5586545292648305e-05	1390.0817302291923	-218762.89263248516	inf
gennorm	1.7055129122529822e-05	1424.487412658816	-217785.6485177409	inf
gamma	3.244708742657399e-05	1501.053074616006	-210871.68177927413	inf
norm	3.969509369029101e-05	1485.9809199100168	-208713.58263591735	inf
