	sumsquare_error	aic	bic	kl_div
gennorm	2.7644096308507242e-05	1473.099508627078	-212635.37272883233	inf
norm	3.055456160861016e-05	1490.8062618662464	-211568.36101669568	inf
gengamma	3.800558630297124e-05	1509.3721826008812	-209203.50284687604	inf
gamma	4.031847910468263e-05	1513.5754550637976	-208577.59252590366	inf
genlogistic	5.126229104361665e-05	1342.4423602879679	-205995.54798009843	inf
