	sumsquare_error	aic	bic	kl_div
genlogistic	2.1948236224390804e-05	1399.9600690390234	-215095.12297095775	inf
gennorm	3.508696251807484e-05	1439.7961247317776	-210051.36828533115	inf
logistic	3.509466103043385e-05	1392.7622832771226	-210058.29239612297	inf
gamma	5.216559955967514e-05	1507.370737558713	-205787.5900387084	inf
genextreme	7.04183024441292e-05	1586.6923900851168	-202561.9681333699	inf
