	sumsquare_error	aic	bic	kl_div
norm	3.279279780566964e-05	1486.12819803338	-210808.24922013487	inf
