	sumsquare_error	aic	bic	kl_div
norm	4.837674786685404e-05	1393.4997673283722	-206466.00987938794	inf
