	sumsquare_error	aic	bic	kl_div
norm	3.9492981416126305e-05	1305.8182281867244	-208809.30126563975	inf
