	sumsquare_error	aic	bic	kl_div
norm	3.969509369029101e-05	1485.9809199100168	-208713.58263591735	inf
