	sumsquare_error	aic	bic	kl_div
norm	7.083727871398917e-05	1514.651836446274	-202507.47390884423	inf
