	sumsquare_error	aic	bic	kl_div
gennorm	6.3356662332865e-05	1355.6797125678377	-203718.0093026016	inf
norm	6.56853845922704e-05	1364.2557488926984	-203339.1839179944	inf
gamma	8.787770274103874e-05	1368.098408514532	-200200.3200617972	inf
genlogistic	9.473814920718013e-05	1266.9937926079504	-199392.08517389448	inf
logistic	0.00013046941237609765	1281.7066802777645	-195960.49094411562	inf
