	sumsquare_error	aic	bic	kl_div
genlogistic	1.4885446468244064e-05	1402.2537200591958	-219119.98537309037	inf
gennorm	2.06969113195041e-05	1406.2979133069512	-215578.75771933247	inf
logistic	2.3016311297867378e-05	1383.402976992031	-214446.82638948737	inf
gamma	4.1364854582815e-05	1486.4611085962513	-208139.10586579607	inf
norm	5.364876268337639e-05	1464.4317111165167	-205354.65993384604	inf
