	sumsquare_error	aic	bic	kl_div
gamma	1.5027094201910317e-05	1480.2527754531354	-219189.3332295926	inf
norm	1.548951955990135e-05	1481.2438535359915	-218872.73601028678	inf
gennorm	1.558449599770104e-05	1490.4773838864414	-218797.72687578612	inf
genextreme	4.904551457464367e-05	1571.187844493129	-206470.8581890203	inf
logistic	5.097452357621727e-05	1342.7260618529222	-206065.35861242298	inf
