	sumsquare_error	aic	bic	kl_div
norm	3.574660944982833e-05	1467.3790182160885	-209839.88347793394	inf
