	sumsquare_error	aic	bic	kl_div
norm	3.055456160861016e-05	1490.8062618662464	-211568.36101669568	inf
