	sumsquare_error	aic	bic	kl_div
gennorm	3.602134797483853e-05	1290.9283816145764	-209789.32293181896	inf
genextreme	3.951138737868693e-05	1298.2975700105503	-208795.00854593192	inf
gengamma	5.5648787093324084e-05	1264.0744508370924	-205103.4735954233	inf
gamma	5.667532571212809e-05	1259.8692831284275	-204916.22427750897	inf
norm	6.0725321847022665e-05	1252.2953949780062	-204183.3843916853	inf
