	sumsquare_error	aic	bic	kl_div
gamma	8.080888537327674e-05	1186.1958691855432	-145957.79703234564	0.049076914386585985
norm	8.087290038949713e-05	1184.1853577034585	-145960.49395916052	0.04908166249497545
genextreme	8.276454517189189e-05	1180.9548826584576	-145768.09643844335	0.04741027816907967
genlogistic	8.286164114896456e-05	1195.2976550541036	-145758.79522235587	0.053661026757924515
logistic	8.431289383561912e-05	1193.921419493956	-145630.03680172173	0.05393692484039489
