	sumsquare_error	aic	bic	kl_div
gennorm	6.916426496277267e-05	1216.5738086901706	-183495.11227415403	0.04470406825430187
logistic	9.41639302370033e-05	1215.1975807768397	-180486.96170109735	0.054405573588618174
genlogistic	9.472145407020145e-05	1216.934082696594	-180420.04514035647	0.05459364689355342
gamma	0.00013877141798833377	1204.7215793685966	-176685.56647277312	0.06622646622787022
norm	0.00013970939070661361	1202.5803397222098	-176628.87940594644	0.06645749058426563
