	sumsquare_error	aic	bic	kl_div
logistic	5.518372770205097e-05	1205.8522880877674	-138821.2270370269	0.03980897733638915
genlogistic	6.0467987780278364e-05	1206.0301354557148	-138133.96912539803	0.04090364288858196
norm	6.674877189067314e-05	1195.39479985426	-137409.8206698276	0.04247621075561685
gamma	6.924289955060252e-05	1196.7343284266412	-137128.78184278926	0.04260556235116354
gennorm	7.125724973120444e-05	1196.0616569108083	-136916.063583818	0.04401148774902851
