	sumsquare_error	aic	bic	kl_div
logistic	4.241871505108031e-05	1207.6018636040317	-147693.53522425515	0.03237900848780781
genlogistic	4.441541352040165e-05	1208.7168539381028	-147327.45801650803	0.03292446065210196
norm	5.162282198236483e-05	1197.435631741041	-146168.88590734437	0.03480273029047738
gamma	5.2470574667646935e-05	1199.1592667041311	-146033.4634301482	0.034971369570942976
gennorm	5.528798119761456e-05	1198.251211771662	-145627.3828080178	0.03612880069957984
