	sumsquare_error	aic	bic	kl_div
gennorm	2.2904488300476594e-05	1373.7920697842735	-118254.00591509315	inf
powernorm	3.6596829056319317e-05	1410.9595973410205	-115396.7766590107	inf
norm	3.676633670006202e-05	1410.5056291943731	-115377.31758338289	inf
gamma	3.678001541360752e-05	1412.7394383236206	-115366.33409776873	inf
beta	3.6791368210976785e-05	1414.402421558826	-115355.73688995822	inf
