	sumsquare_error	aic	bic	kl_div
invgamma	2.314992798813837e-05	1322.280884172151	-118066.6907969123	inf
f	2.448711758571613e-05	1319.1122554223302	-117715.93309974816	inf
lognorm	2.45561982109889e-05	1317.3270826074531	-117707.48853521433	inf
gamma	2.479275253954237e-05	1317.9135652654843	-117649.09363808815	inf
beta	2.5050028473232773e-05	1320.5859617801727	-117577.49808364378	inf
