	sumsquare_error	aic	bic	kl_div
gennorm	2.6843141547662765e-05	1323.7066264842767	-172832.3436669649	inf
dgamma	4.3511015580232184e-05	1305.0015379649462	-168574.66529970383	inf
lognorm	5.293320261224624e-05	1349.4063746317408	-166846.77850497604	inf
gamma	5.308175566859921e-05	1349.5074186034872	-166822.07451848115	inf
beta	5.343607850381031e-05	1351.5207178172168	-166754.345343686	inf
