	sumsquare_error	aic	bic	kl_div
norm	0.00016983939907163498	1209.8716655452045	-29514.529101387347	inf
