	sumsquare_error	aic	bic	kl_div
norm	0.0004375404776521421	1174.5402602551976	-27804.69112832818	inf
gamma	0.00044176368251103707	1177.7091804474996	-27779.65109439991	inf
lognorm	0.00044315000391527355	1178.4994479224229	-27773.93293528144	inf
powerlaw	0.0005685538329733686	1129.683283736884	-27319.16541984165	inf
cauchy	0.0007210141723060945	1212.982534358294	-26893.12266000504	inf
