	sumsquare_error	aic	bic	kl_div
gamma	0.00031367299241792554	1131.6336826035988	-28404.57501543205	inf
chi2	0.00031390198601763056	1135.6796814302465	-28403.243179866997	inf
norm	0.0003150673660274461	1129.393956712131	-28403.989638866286	inf
rayleigh	0.0005257244784533286	inf	-27469.606439968356	0.1385904215746347
cauchy	0.0006861174209862868	1167.5057824592748	-26983.660933461255	inf
