	sumsquare_error	aic	bic	kl_div
gamma	0.00014743321490883032	1143.8592694141857	-29782.405713306245	inf
norm	0.00014747783497040667	1141.8709195964018	-29789.36280332386	inf
lognorm	0.00014760550766093684	1144.1238052434742	-29780.27423506774	inf
rayleigh	0.0003067083869689108	inf	-28453.062172964314	inf
cauchy	0.0004675481857399415	1178.8267127441777	-27683.63305173631	inf
