	sumsquare_error	aic	bic	kl_div
gennorm	4.6381609544492316e-05	1430.7399842522495	-207841.3029300083	inf
dgamma	6.768850487697057e-05	1363.5802234621588	-203762.5390363342	inf
powernorm	8.201077281493654e-05	1546.4234391134776	-201691.56854413217	inf
beta	8.399858101758726e-05	1561.0182721952433	-201423.8693124322	inf
norm	8.409914881499743e-05	1558.8063422446126	-201429.53139844156	inf
