	sumsquare_error	aic	bic	kl_div
gennorm	5.7373417032726536e-05	1234.6223240145216	-143171.19226690443	0.0412029017048214
genlogistic	0.00011200275120088938	1234.0217663116812	-138051.10746542763	0.059091066862432144
logistic	0.00011541802023195881	1230.3899997696542	-137830.14678328775	0.06010436902059425
gamma	0.00017780520464660414	1220.9340091948231	-134513.69533199383	0.0787741988473412
norm	0.00018229933351470698	1217.6247258752499	-134331.5835260946	0.07983246786889124
