	sumsquare_error	aic	bic	kl_div
gennorm	1.8967938137085404e-05	1307.9898226802136	-200044.46147212174	inf
norm	3.714532688980956e-05	1269.1010665302476	-193356.98451373173	inf
gamma	3.935070768897467e-05	1270.6634833068829	-192773.09425299076	inf
logistic	6.75180143553348e-05	1253.9775627672645	-187402.93185986395	inf
genlogistic	6.782430704447652e-05	1256.056691133821	-187348.62606852697	inf
