	sumsquare_error	aic	bic	kl_div
norm	2.4578905066507824e-05	1549.1044901293108	-213908.26967435866	inf
