	sumsquare_error	aic	bic	kl_div
norm	2.1752716757932748e-05	1628.196628878934	-142033.19675281126	inf
