	sumsquare_error	aic	bic	kl_div
powernorm	2.135766715297507e-05	1605.8442242923272	-142156.98493427483	inf
loggamma	2.153382665794305e-05	1612.8383273304876	-142097.52205651219	inf
norm	2.1752716757932748e-05	1628.196628878934	-142033.19675281126	inf
f	2.2052597079978116e-05	1641.1964204711385	-141916.30792792924	inf
beta	2.2745414214082633e-05	1610.129959254814	-141692.38266897204	inf
