	sumsquare_error	aic	bic	kl_div
chi	0.00016953288676761557	1214.3411992691113	-29510.315094715163	inf
f	0.00016953951590727685	1215.1543184798093	-29502.734986194584	inf
gamma	0.0001697382148869154	1212.1599626474774	-29508.107311420325	inf
norm	0.00016983939907163498	1209.8716655452045	-29514.529101387347	inf
powernorm	0.0001698429295931421	1211.8775515209913	-29506.982398371903	inf
