	sumsquare_error	aic	bic	kl_div
gennorm	0.00040260334846313283	1181.081422328211	-27949.05353272828	inf
dgamma	0.00041422383466271814	1183.4845941271858	-27897.123776607303	inf
invgauss	0.0005108027990248665	1231.3684597968218	-27514.645545973934	inf
gamma	0.0005193593335959186	1188.7063351184913	-27484.327920777287	inf
rayleigh	0.0005608889734155967	inf	-27351.445524138308	inf
