	sumsquare_error	aic	bic	kl_div
cauchy	0.0003465071338611351	1235.9570824497468	-27736.374055962187	0.1628874363360943
dgamma	0.00034971028529651106	1193.391546466796	-27712.364336340765	0.17000225849008768
loggamma	0.0003498128577686886	1176.7860779973653	-27711.83792748438	0.14950155529504866
powernorm	0.00035032763091344973	1176.5915111903012	-27709.19840591325	0.1500103407758409
beta	0.0003566252209212085	1152.71012138867	-27669.72480542293	0.15010001825037955
