	sumsquare_error	aic	bic	kl_div
dgamma	0.0001386064575414222	1226.683032598638	-29877.683748825613	inf
cauchy	0.0001593301574287042	1257.7492585782816	-29631.036678250486	inf
gennorm	0.0001614845657529139	1217.8233876054271	-29599.029639767516	inf
invgamma	0.00018585745520365664	1224.8133213171284	-29342.629157159186	inf
chi2	0.0001892955586287973	1219.86165294081	-29309.195992597924	inf
