	sumsquare_error	aic	bic	kl_div
dgamma	0.00014892891334664037	1229.3979876992414	-29642.759848377107	inf
gennorm	0.00015065478580135	1222.4175214188706	-29621.812975480512	inf
cauchy	0.00016369428038476584	1259.1482938910183	-29478.40717603732	inf
chi2	0.00019980087532127673	1224.8126980825236	-29108.536645632004	inf
invgamma	0.0002001416861643276	1226.8806297843923	-29105.438229397736	inf
