	sumsquare_error	aic	bic	kl_div
dgamma	0.00018277538437002424	1225.3694686571105	-29390.24478912662	inf
foldcauchy	0.00019600039712261454	1231.0990222138496	-29262.75267217727	inf
cauchy	0.00020880593475660315	1256.420227981026	-29154.760324480787	inf
gennorm	0.0002446441551038668	1216.639938361255	-28858.17199692012	inf
norm	0.0003120312969498405	1210.9546783894489	-28421.661082567505	inf
