	sumsquare_error	aic	bic	kl_div
dgamma	0.0005703371149306442	1191.3737868562453	-27313.450224303837	0.17723772525138645
invgauss	0.0007520233241361466	1169.4974976046478	-26808.765228183634	0.27892579644251364
gennorm	0.000760381647631118	1145.6880243291732	-26788.593255778247	0.2519275609250199
gamma	0.0007784615494672459	1161.8079260374489	-26745.707353847254	0.2820073720373015
invgamma	0.0008165310518277158	1166.962337694375	-26658.57210364389	0.3021237362679059
