	sumsquare_error	aic	bic	kl_div
cauchy	0.00016716482411836505	1267.0188739080036	-28855.754910556876	inf
gennorm	0.0001755233162541251	1222.4335977769217	-28761.224093939873	inf
invgamma	0.00025755732427559883	1216.4108990385757	-28077.112858159355	inf
dgamma	0.0002615411980975238	1222.042721304887	-28049.729345649288	inf
lognorm	0.0002649552358006152	1209.4532217884541	-28026.592517975412	inf
