	sumsquare_error	aic	bic	kl_div
dgamma	0.00021142583257603148	1232.1731248150124	-29124.495091921377	inf
cauchy	0.00025278225141470644	1260.7622025359601	-28805.960533704325	inf
gennorm	0.00030332158505248536	1226.3878924997668	-28465.817340385856	inf
gamma	0.0004280353600433223	1225.1078192280327	-27837.26502137257	inf
chi	0.00042881363239677053	1224.2372905189534	-27833.949740738124	inf
