	sumsquare_error	aic	bic	kl_div
cauchy	0.00020066924163867253	1250.8395240750351	-29227.299128956307	inf
dgamma	0.0002722200225109927	1230.3686340311524	-28663.251194750606	inf
gennorm	0.0002958836665991911	1231.1752620574264	-28511.12701810927	inf
invgamma	0.0004296152475772937	1258.672805355234	-27830.541308976753	inf
beta	0.00044151117544641744	1250.8689452307249	-27773.18520648515	inf
