	sumsquare_error	aic	bic	kl_div
cauchy	0.00015115641404615275	1280.8330477130523	-29744.399799814153	inf
dgamma	0.00019212008798090012	1244.5138266127442	-29299.245464558946	inf
gennorm	0.00021642792025014678	1239.5355656913098	-29081.820575714388	inf
foldcauchy	0.0002755945339449301	1247.4204184777645	-28640.767085152922	inf
loggamma	0.0003585634491085316	1231.296726749505	-28160.472849420214	inf
