	sumsquare_error	aic	bic	kl_div
dgamma	0.00013541725180657302	1227.1193834477683	-29850.48988576432	inf
gennorm	0.00014162238887523238	1219.1242082362567	-29768.947486122	inf
cauchy	0.00015055434677967188	1257.5727591642856	-29665.143160204094	inf
invgamma	0.00018215439965906123	1225.8821562401376	-29310.87096736773	inf
chi	0.00018881929454221306	1217.0171958301685	-29245.467871515622	inf
