	sumsquare_error	aic	bic	kl_div
cauchy	0.0003847895854955906	1199.0816358300913	-28039.15356522161	inf
invgamma	0.0004051350898639175	1162.8871426587937	-27937.613088723265	inf
foldcauchy	0.0004449237618952406	1182.9279484087763	-27766.642746689875	inf
chi2	0.0004918903791517182	1156.9621419879636	-27583.49863272335	inf
gamma	0.0004918916860992059	1156.9620401215825	-27583.49378372427	inf
