	sumsquare_error	aic	bic	kl_div
dgamma	0.00015295551256612203	1220.663092100344	-29715.29714435238	inf
cauchy	0.0001623899308710726	1249.6341167185576	-29613.574184834622	inf
gennorm	0.00017720467941797138	1215.6230395424504	-29446.73318516142	inf
loggamma	0.00021542735813362158	1213.7066802191252	-29090.27724729597	inf
beta	0.000229415964901066	1215.0629691220613	-28967.95163420343	inf
