	sumsquare_error	aic	bic	kl_div
dgamma	0.0001315339249045845	1231.6192563966388	-29990.657358567078	inf
gennorm	0.00015036435631252514	1224.0576664614669	-29746.478584710196	inf
invgamma	0.000152790658815893	1237.7200215994528	-29717.265169802795	inf
chi2	0.0001544770785830147	1227.9196685757695	-29697.23217183886	inf
cauchy	0.00015547534840278844	1260.1552126226381	-29692.985840351837	inf
