	sumsquare_error	aic	bic	kl_div
norm	4.6350052484423723e-05	1263.4722164914501	-178212.95866646004	inf
