	sumsquare_error	aic	bic	kl_div
gennorm	3.2652901189151974e-05	1323.908831547579	-181469.2099383661	inf
genlogistic	3.709705249585943e-05	1272.770833369363	-180279.68722263406	inf
logistic	3.746090883543825e-05	1271.3596190456822	-180197.84053990102	inf
norm	4.239095654630962e-05	1336.6846879257964	-179045.2955657209	inf
gamma	4.847095281291107e-05	1338.194846802667	-177786.73097102452	inf
