	sumsquare_error	aic	bic	kl_div
gennorm	4.557992175363734e-05	1292.7831626184739	-178360.00973677431	inf
logistic	5.507985496167724e-05	1240.910501652142	-176604.33927963322	inf
genlogistic	5.5083709108576526e-05	1242.2855583745945	-176594.54687418908	inf
norm	6.422768051021003e-05	1313.6019340833793	-175172.0117634085	inf
gamma	7.271223508904067e-05	1315.2871704744937	-174006.24086775747	inf
