	sumsquare_error	aic	bic	kl_div
norm	7.624001203673783e-05	1547.9848276254584	-173573.73492497954	inf
