	sumsquare_error	aic	bic	kl_div
genlogistic	2.613898385138879e-05	1477.4404487658878	-183543.4097042169	inf
gennorm	2.9408450492795374e-05	1498.3068917154972	-182444.7725660761	inf
logistic	3.1040447986162144e-05	1431.6447425082467	-181950.44021342578	inf
gamma	6.0082018759304885e-05	1697.8298543295145	-175784.86968537362	inf
gengamma	6.248170659950338e-05	1801.898850281265	-175410.65009610623	inf
