	sumsquare_error	aic	bic	kl_div
norm	3.982390402095426e-05	1453.9425135999577	-179587.07789673598	inf
