	sumsquare_error	aic	bic	kl_div
logistic	4.066632309691842e-05	1244.3052606135757	-179432.48243897338	inf
gennorm	4.134855333635211e-05	1278.109545885991	-179268.25100445532	inf
genlogistic	4.2213766543366587e-05	1246.2846545461352	-179075.202133289	inf
norm	6.670482487276188e-05	1295.9048600087067	-174819.23923481285	inf
gengamma	7.126725971086914e-05	1299.4051125083938	-174184.21783497927	inf
