	sumsquare_error	aic	bic	kl_div
norm	3.446799118731724e-05	1465.1972376601802	-180974.0541763058	inf
