	sumsquare_error	aic	bic	kl_div
gennorm	2.2646608242834784e-05	1486.0057446560368	-184880.34987516166	inf
genlogistic	2.7961129035044408e-05	1473.691753649923	-182915.2237760208	inf
logistic	2.9860635194028274e-05	1441.738369774822	-182311.6683050415	inf
gamma	7.326938489079386e-05	1674.1975345298206	-173935.0842979003	inf
gengamma	7.406068718758237e-05	1677.0725901106491	-173825.80723019742	inf
