	sumsquare_error	aic	bic	kl_div
gennorm	2.6371848510029998e-05	1371.7010168333672	-183460.73043671087	inf
gamma	2.8022212895931204e-05	1404.2433287620745	-182894.88115417954	inf
genlogistic	3.136259017459271e-05	1325.491715413949	-181845.05360816827	inf
norm	3.2259329589395365e-05	1398.4997692792024	-181591.3925396604	inf
logistic	3.742933143488221e-05	1316.119477518894	-180205.70176572606	inf
