	sumsquare_error	aic	bic	kl_div
norm	3.2259329589395365e-05	1398.4997692792024	-181591.3925396604	inf
