	sumsquare_error	aic	bic	kl_div
norm	2.249826557891682e-05	1317.6488600949629	-184950.7530115204	inf
