	sumsquare_error	aic	bic	kl_div
norm	3.927593728413672e-05	1521.152694972751	-179695.92462373606	inf
