	sumsquare_error	aic	bic	kl_div
norm	4.385281792834404e-05	1307.3827910585587	-178729.24313798832	inf
