	sumsquare_error	aic	bic	kl_div
genlogistic	3.3751757797140125e-05	1415.9171828488074	-181160.66301968755	inf
gennorm	3.63485157797631e-05	1430.725233187517	-180469.70824216763	inf
logistic	3.7337656944612355e-05	1383.8217556975471	-180228.56185532134	inf
gamma	7.816727367938082e-05	1576.9642490824142	-173331.87434772777	inf
norm	8.974061227692589e-05	1518.4427240634793	-172053.90395424308	inf
