	sumsquare_error	aic	bic	kl_div
genlogistic	2.4924965964079226e-05	1533.503164198198	-186849.80534834426	inf
logistic	2.6888635238837915e-05	1528.043107663388	-186141.57275725142	inf
gamma	4.0836652207077116e-05	1724.114331579036	-182179.30812170557	inf
norm	4.162672772877236e-05	1722.0373424216368	-182007.18628700072	inf
gennorm	5.0916215513040965e-05	1543.060690826417	-180092.41857345068	inf
