	sumsquare_error	aic	bic	kl_div
norm	8.974061227692589e-05	1518.4427240634793	-172053.90395424308	inf
