	sumsquare_error	aic	bic	kl_div
norm	1.3723261531031807e-05	1793.5195129928843	-189580.3819360504	inf
