	sumsquare_error	aic	bic	kl_div
norm	4.387960580138797e-05	1467.2696256750778	-178663.02899858743	inf
