	sumsquare_error	aic	bic	kl_div
norm	4.162672772877236e-05	1722.0373424216368	-182007.18628700072	inf
