	sumsquare_error	aic	bic	kl_div
genlogistic	1.236901783069059e-05	1352.4330726535113	-190496.9981250775	inf
gennorm	1.275119717884419e-05	1373.096913510629	-190213.3565566234	inf
logistic	1.2760545153352588e-05	1343.8494084361485	-190215.66580772868	inf
gamma	2.9757062910118223e-05	1419.7625817209325	-182314.3557427647	inf
norm	3.253244799651289e-05	1410.8266481176734	-181492.32841592657	inf
