	sumsquare_error	aic	bic	kl_div
norm	3.477861398066095e-05	1332.5473844780493	-180890.42133698837	inf
