	sumsquare_error	aic	bic	kl_div
gennorm	3.164030764036435e-05	1364.579070096164	-181762.87011903623	inf
genlogistic	3.573047551352956e-05	1308.7950021947556	-180629.57486793885	inf
logistic	3.609654835488453e-05	1305.3446986659917	-180543.6933667502	inf
norm	4.1503597666173095e-05	1383.0877757886599	-179242.50188149995	inf
gamma	4.1884592098074835e-05	1387.464489956576	-179148.1781080767	inf
