	sumsquare_error	aic	bic	kl_div
norm	2.456318728109511e-05	1397.877717051536	-184132.1821388383	inf
