	sumsquare_error	aic	bic	kl_div
genlogistic	3.6151299673855914e-05	1428.9567237563585	-180520.42431813022	inf
gennorm	5.048310207007514e-05	1476.3704884442366	-177407.56831253233	inf
logistic	5.0795406871225226e-05	1382.3796888192262	-177359.21718423898	inf
gamma	6.239933640024021e-05	1620.5619507321098	-175432.08761320522	inf
gengamma	6.317806891781369e-05	1624.635231066675	-175307.33054206884	inf
