	sumsquare_error	aic	bic	kl_div
norm	3.892897869042853e-05	1414.3399862969254	-179819.20019513348	inf
