	sumsquare_error	aic	bic	kl_div
gennorm	3.264162754624873e-05	1294.530336823406	-181472.42897990678	inf
genlogistic	3.658927833791387e-05	1257.6662563315406	-180408.16547833692	inf
logistic	3.723783226608897e-05	1254.6294379778258	-180253.51821078968	inf
norm	4.385281792834404e-05	1307.3827910585587	-178729.24313798832	inf
gengamma	4.390444564574935e-05	1314.66669170555	-178699.99458123563	inf
