	sumsquare_error	aic	bic	kl_div
gennorm	2.7655070544097008e-05	1363.7139872709756	-183017.823596761	inf
gamma	3.456811587376093e-05	1338.5393377029504	-180937.87419406947	inf
norm	3.477861398066095e-05	1332.5473844780493	-180890.42133698837	inf
gengamma	3.586029523210321e-05	1352.878625290818	-180586.62644619762	inf
genlogistic	9.354270027419376e-05	1270.2406215342749	-171657.95119638668	inf
