	sumsquare_error	aic	bic	kl_div
genextreme	4.19078514596836e-05	1383.935111738919	-179143.0028496577	inf
gennorm	4.2591796187900765e-05	1353.940955806718	-178992.0940075014	inf
gengamma	4.8424794485588784e-05	1333.8728213703334	-177786.4723007757	inf
gamma	4.9767082044517786e-05	1325.4781631869555	-177540.73220125577	inf
norm	5.0692163484023684e-05	1320.994584670801	-177378.18374702364	inf
