	sumsquare_error	aic	bic	kl_div
norm	3.176701970908768e-05	1516.3255480667342	-181714.25541962337	inf
