	sumsquare_error	aic	bic	kl_div
norm	5.918134911905547e-05	1300.016164962481	-175934.81083923666	inf
