	sumsquare_error	aic	bic	kl_div
gennorm	3.0842063157695254e-05	1369.970432497081	-182001.06978558016	inf
gamma	4.3343546491840965e-05	1319.2283166073503	-178828.9947544856	inf
gengamma	4.357787248063862e-05	1316.2652136250301	-178769.59331276818	inf
norm	4.362281122625872e-05	1323.828926552308	-178778.26541856665	inf
genextreme	4.954260276106824e-05	1350.9854794122157	-177582.8751090374	inf
