	sumsquare_error	aic	bic	kl_div
norm	5.353484111124992e-05	1536.0541007884763	-176869.56288516903	inf
