	sumsquare_error	aic	bic	kl_div
norm	4.239095654630962e-05	1336.6846879257964	-179045.2955657209	inf
