	sumsquare_error	aic	bic	kl_div
genlogistic	2.548075533772512e-05	1372.4370375889016	-183781.16134363602	inf
logistic	3.0307063180378175e-05	1348.8918642051883	-182173.33234829406	inf
gennorm	3.150972702923358e-05	1393.3127936828353	-181801.42193292658	inf
gamma	5.638501636906599e-05	1484.8283905401793	-176376.8833571111	inf
norm	6.714982248154964e-05	1450.0722401241417	-174757.25733020666	inf
