	sumsquare_error	aic	bic	kl_div
gennorm	2.345517671647875e-05	1411.6309471521295	-184553.3235648313	inf
gamma	2.4520402010152908e-05	1400.1941281130723	-184139.29364575856	inf
norm	2.456318728109511e-05	1397.877717051536	-184132.1821388383	inf
genextreme	2.9993276184886365e-05	1485.139710303127	-182261.21152967797	inf
genlogistic	5.6542787377429155e-05	1320.9241195075354	-176350.83587813654	inf
