	sumsquare_error	aic	bic	kl_div
gennorm	2.9870581873952887e-05	1501.420347060713	-182299.42349947518	inf
gengamma	3.3396191045857516e-05	1473.2791299968196	-181250.24888832908	inf
gamma	3.415403716830857e-05	1467.998553838028	-181050.213177525	inf
norm	3.446799118731724e-05	1465.1972376601802	-180974.0541763058	inf
weibull_max	4.527065662280573e-05	1591.8282851832896	-178423.47616125087	inf
