	sumsquare_error	aic	bic	kl_div
gennorm	5.624326122536314e-05	1289.725700811432	-176400.34890547232	inf
norm	5.918134911905547e-05	1300.016164962481	-175934.81083923666	inf
gengamma	6.23907994112923e-05	1309.3526807696805	-175424.22293107666	inf
gamma	6.93025481832774e-05	1307.9148846212759	-174453.95779168597	inf
genlogistic	8.197147098656326e-05	1234.4610693083723	-172888.89097694863	inf
