	sumsquare_error	aic	bic	kl_div
genlogistic	5.7381153488091084e-05	1198.3030601490802	-176213.6322332012	0.009811007745190914
gennorm	6.785630887402092e-05	1213.2763158124076	-174650.55235083308	0.00902322699646041
logistic	6.821231333618589e-05	1191.657159902699	-174610.91296140544	0.012367119068746487
gamma	8.336610061160562e-05	1229.4699169210614	-172731.62429417198	0.008731692255343221
gengamma	8.435489399129908e-05	1232.022078843782	-172612.56782475326	0.008800820662843246
