	sumsquare_error	aic	bic	kl_div
norm	6.385987008147493e-05	1551.0278490399364	-175225.5491794198	inf
