	sumsquare_error	aic	bic	kl_div
gennorm	1.1386674400700406e-05	1426.5877022103991	-191268.3204242948	inf
genlogistic	1.4530786463395618e-05	1373.1371759865124	-188995.61973688978	inf
gamma	1.5430165784820916e-05	1460.4670067075413	-188435.84887479027	inf
logistic	1.6718772651346768e-05	1371.15983552537	-187697.372105176	inf
norm	1.7034788648651873e-05	1466.0566529829393	-187522.83223041976	inf
