	sumsquare_error	aic	bic	kl_div
genlogistic	2.0490453571401133e-05	1532.3204708068183	-188346.98624387698	0.012092418252516765
logistic	2.4736894243187588e-05	1524.2904664254247	-186577.67557870157	0.013245184517503642
gennorm	5.349968548523317e-05	1522.3470789650894	-179284.381664233	0.020149215845278852
gamma	5.6581532674529274e-05	1710.8196983462885	-178755.50870555482	0.025811483453009352
norm	5.893803492558806e-05	1705.4903331750609	-178379.3497290527	0.026411811098456733
