	sumsquare_error	aic	bic	kl_div
gamma	2.3005596332289475e-05	1520.1677769550658	-184712.91942102893	inf
genlogistic	2.3505913495978018e-05	1390.1957009138125	-184512.38255686098	inf
gennorm	2.7078994351663305e-05	1454.6035919120345	-183193.4024880617	inf
norm	3.2206977096717246e-05	1487.801851942463	-181586.04997158732	inf
weibull_max	3.4083001701920084e-05	1643.802359142642	-181049.19531344768	inf
