	sumsquare_error	aic	bic	kl_div
genlogistic	9.714997831699428e-06	1357.4295824964863	-192748.24262362954	inf
logistic	1.3065360679690387e-05	1345.3701496932683	-189995.629579011	inf
gennorm	1.360611608283049e-05	1377.9809788010693	-189608.47734513288	inf
gamma	2.479428746312805e-05	1430.566121644773	-184015.0023009853	inf
norm	2.8552006663826487e-05	1415.5082592478009	-182708.81931780739	inf
