	sumsquare_error	aic	bic	kl_div
norm	4.1503597666173095e-05	1383.0877757886599	-179242.50188149995	inf
