	sumsquare_error	aic	bic	kl_div
gamma	2.2184137187076894e-05	1685.3404153881656	-188056.17854023897	inf
norm	2.3475232900077863e-05	1686.0144065162278	-187529.91348021675	inf
gennorm	2.5913550947706247e-05	1645.4674359303783	-186585.42598881308	inf
logistic	5.9298203141173114e-05	1450.9919515953218	-178759.33158489564	inf
genlogistic	6.0223169872729594e-05	1452.9940203264503	-178603.6754871218	inf
