	sumsquare_error	aic	bic	kl_div
genlogistic	2.228486682736172e-05	1419.8353987255712	-185030.45517801525	inf
gennorm	3.148811588755326e-05	1470.2503884119633	-181807.81767796542	inf
logistic	3.5063197561254715e-05	1384.1217263178262	-180814.45243635675	inf
gamma	4.11505167084269e-05	1590.426277365987	-179313.00547236454	inf
norm	5.353484111124992e-05	1536.0541007884763	-176869.56288516903	inf
