	sumsquare_error	aic	bic	kl_div
norm	6.670482487276188e-05	1295.9048600087067	-174819.23923481285	inf
