	sumsquare_error	aic	bic	kl_div
norm	7.21567622728454e-05	1606.607662204885	-174086.86824820627	inf
