	sumsquare_error	aic	bic	kl_div
gennorm	1.3610505417236444e-05	1482.7753704763184	-189605.47087452063	inf
genlogistic	1.4037947835527704e-05	1423.6732641931258	-189317.2443897597	inf
logistic	1.5191812986819322e-05	1414.7820066215097	-188590.0958714384	inf
gamma	2.0800680980862528e-05	1544.6412165371669	-185652.0267576667	inf
norm	2.2772975982829742e-05	1538.9097299465814	-184816.78817322833	inf
