	sumsquare_error	aic	bic	kl_div
norm	2.2772975982829742e-05	1538.9097299465814	-184816.78817322833	inf
