	sumsquare_error	aic	bic	kl_div
gamma	1.6915010802097054e-05	1371.3099392366362	-187600.59014234028	inf
norm	1.7035173525732034e-05	1369.7322779961064	-187543.74173252043	inf
gennorm	1.7059926186897732e-05	1373.88242546294	-187521.06626212865	inf
weibull_min	3.6049957415712215e-05	1439.8079334597533	-180546.59320185593	inf
genextreme	3.625794978014117e-05	1399.65246978124	-180492.96393103286	inf
