	sumsquare_error	aic	bic	kl_div
norm	2.4081604687730594e-05	1375.36671600114	-184316.76344456922	inf
