	sumsquare_error	aic	bic	kl_div
gennorm	2.4452379924552616e-05	1468.6504177782301	-184165.18975640202	inf
genextreme	2.6656300273153493e-05	1543.8049414144382	-183360.71997697162	inf
weibull_max	2.6656501569760497e-05	1543.8045944623548	-183360.64958161043	inf
gamma	2.845369428790292e-05	1437.0963573371307	-182752.43641975464	inf
norm	2.9069953791645872e-05	1427.778336936067	-182561.8329309671	inf
