	sumsquare_error	aic	bic	kl_div
norm	7.399763134837914e-05	1383.3678432829868	-173852.0276983685	inf
