	sumsquare_error	aic	bic	kl_div
genlogistic	1.3444438377461168e-05	1409.1188805617678	-189719.89952238795	inf
gennorm	1.674480625056779e-05	1429.8218082039175	-187673.72919443747	inf
logistic	1.6792214149191775e-05	1395.8073316495977	-187656.51688945567	inf
gamma	4.08666766277237e-05	1513.880861650255	-179357.28279098167	inf
norm	4.716264895263281e-05	1499.0186144098873	-178030.84221919355	inf
