	sumsquare_error	aic	bic	kl_div
gennorm	1.2714068676617372e-05	1731.0005786055606	-190283.36194187234	inf
norm	1.3723261531031807e-05	1793.5195129928843	-189580.3819360504	inf
gamma	2.1302201366262783e-05	1857.0277766873958	-185471.74982262854	inf
genlogistic	3.278486141306042e-05	1489.7630767067399	-181452.07825178927	inf
logistic	3.3561025296215e-05	1498.2987337752236	-181243.07366342755	inf
