	sumsquare_error	aic	bic	kl_div
gamma	2.5182585867015705e-05	1346.2333967201848	-183890.88833092115	inf
gennorm	2.613201433609085e-05	1322.236585543512	-183545.89558833028	inf
genlogistic	2.8013027086627935e-05	1283.8676845607984	-182897.9374492938	inf
norm	3.1071426560795706e-05	1332.4288287589095	-181941.14143444717	inf
logistic	3.667958095732074e-05	1269.1912069952648	-180394.32718717126	inf
