	sumsquare_error	aic	bic	kl_div
norm	6.422768051021003e-05	1313.6019340833793	-175172.0117634085	inf
