	sumsquare_error	aic	bic	kl_div
norm	8.095981057660937e-05	1608.9523041289804	-173013.79549117573	inf
