	sumsquare_error	aic	bic	kl_div
genlogistic	4.0235584655921966e-05	1298.0478397387228	-179522.60774535596	inf
logistic	4.348034615161132e-05	1296.3642129259315	-178808.75939031463	inf
gennorm	4.4070686969834794e-05	1349.707275611599	-178673.90422478731	inf
norm	7.399763134837914e-05	1383.3678432829868	-173852.0276983685	inf
gengamma	7.668069890238977e-05	1387.130231709213	-173501.72623686228	inf
