	sumsquare_error	aic	bic	kl_div
norm	5.9868805667407446e-05	1329.5685974244684	-175827.14964069764	inf
