	sumsquare_error	aic	bic	kl_div
norm	5.9772049056470274e-05	1352.3489457168616	-175842.22752234395	inf
