	sumsquare_error	aic	bic	kl_div
norm	2.6976514778373547e-05	1323.7863481296604	-183258.54486020753	inf
