	sumsquare_error	aic	bic	kl_div
genlogistic	1.4199371497398437e-05	1411.0277335973833	-189210.6729177642	inf
gennorm	1.4437428497200298e-05	1456.1142264810962	-189055.69886960692	inf
logistic	1.6990454777750948e-05	1397.6328065372227	-187547.12221061732	inf
gamma	2.841873243932953e-05	1532.5408899850797	-182743.28944519587	inf
norm	3.176701970908768e-05	1516.3255480667342	-181714.25541962337	inf
