	sumsquare_error	aic	bic	kl_div
gennorm	2.397036055431567e-05	1375.777715358247	-184350.78573673574	inf
gamma	2.4011071330152435e-05	1379.6768791393743	-184334.96686979017	inf
norm	2.4081604687730594e-05	1375.36671600114	-184316.76344456922	inf
weibull_max	3.8475260212607416e-05	1449.1604868321551	-179939.64001551204	inf
genlogistic	4.7225066172710814e-05	1300.8894850706715	-178029.474852097	inf
