	sumsquare_error	aic	bic	kl_div
gennorm	3.348441577583921e-05	1287.3482743875759	-181234.79500322702	inf
genextreme	4.340927713233812e-05	1295.8290088621363	-178814.8686172057	inf
gamma	4.62937143175104e-05	1265.9634290772199	-178215.1562521013	inf
norm	4.6350052484423723e-05	1263.4722164914501	-178212.95866646004	inf
genlogistic	0.00010745602435588941	1225.2537623740366	-170365.32847727777	inf
