	sumsquare_error	aic	bic	kl_div
gennorm	1.6785356359930618e-05	1513.5622267568954	-187672.31901504582	inf
gamma	1.698946199498355e-05	1486.7556124304842	-187559.64951838224	inf
norm	1.9367620493860766e-05	1488.0742679691266	-186347.52043656382	inf
genextreme	3.350183396226835e-05	1589.8299609818503	-181229.94707284766	inf
weibull_max	3.350226100882583e-05	1589.8285888006653	-181229.8282464383	inf
