	sumsquare_error	aic	bic	kl_div
gengamma	2.0483363586979074e-05	1328.306791192556	-185807.11122858588	inf
gennorm	2.0807237716317963e-05	1337.419888824893	-185670.0090464296	inf
gamma	2.1032661612190226e-05	1321.1731838269839	-185569.55842754024	inf
norm	2.249826557891682e-05	1317.6488600949629	-184950.7530115204	inf
weibull_min	4.202652754955581e-05	1368.4882206692323	-179116.64179808222	inf
