	sumsquare_error	aic	bic	kl_div
norm	4.716264895263281e-05	1499.0186144098873	-178030.84221919355	inf
