	sumsquare_error	aic	bic	kl_div
gennorm	4.9323155829544515e-05	1336.5668694406877	-177624.25824682775	inf
genlogistic	5.707960301881343e-05	1270.3771202618573	-176262.7505522484	inf
logistic	5.814430622437672e-05	1269.8812773079565	-176099.60967391214	inf
norm	5.9772049056470274e-05	1352.3489457168616	-175842.22752234395	inf
gamma	6.711104028895182e-05	1358.8183504897017	-174753.5026481431	inf
