	sumsquare_error	aic	bic	kl_div
gennorm	2.4405847907635012e-05	1318.996534060761	-184182.94609395665	inf
norm	2.6976514778373547e-05	1323.7863481296604	-183258.54486020753	inf
gamma	2.7455681600466898e-05	1330.4718794728212	-183085.2772884712	inf
gengamma	2.8187091749304527e-05	1325.6189756879512	-182831.05238646257	inf
genlogistic	3.59471605160872e-05	1269.8685340325903	-180573.2129715636	inf
