	sumsquare_error	aic	bic	kl_div
genlogistic	1.5110619153820844e-05	1387.200175983849	-188588.4268434663	inf
logistic	2.0487465204708562e-05	1379.194089720315	-185760.71866708054	inf
gennorm	2.159499119026638e-05	1411.5759279924812	-185260.95072091845	inf
gamma	3.664168357627952e-05	1470.7330549858839	-180333.76161257195	inf
norm	4.387960580138797e-05	1467.2696256750778	-178663.02899858743	inf
