	sumsquare_error	aic	bic	kl_div
gennorm	3.4501596488456556e-05	1401.7434985262232	-180955.829789375	inf
gengamma	3.6722796942458096e-05	1382.282738094738	-180365.07018082222	inf
gamma	3.8525106745159845e-05	1375.8906284914208	-179927.5707368911	inf
norm	3.888945395054846e-05	1374.0875740173171	-179848.96330104987	inf
genextreme	3.998656860138588e-05	1441.7123374822936	-179580.4804157282	inf
