	sumsquare_error	aic	bic	kl_div
norm	6.714982248154964e-05	1450.0722401241417	-174757.25733020666	inf
