	sumsquare_error	aic	bic	kl_div
norm	1.7034788648651873e-05	1466.0566529829393	-187522.83223041976	inf
