	sumsquare_error	aic	bic	kl_div
gennorm	4.378062707591714e-05	1307.8487007871674	-178735.4616001329	inf
genlogistic	5.2664151860294274e-05	1252.6248339084184	-177013.2819623208	inf
logistic	5.4905739449840806e-05	1252.9712204894615	-176633.85416594046	inf
norm	5.9868805667407446e-05	1329.5685974244684	-175827.14964069764	inf
gamma	7.284173249957245e-05	1335.4319737792057	-173989.653546924	inf
