	sumsquare_error	aic	bic	kl_div
norm	2.706051421790921e-05	1486.5964981052653	-183229.56312599257	inf
