	sumsquare_error	aic	bic	kl_div
norm	5.893803492558806e-05	1705.4903331750609	-178379.3497290527	0.026411811098456733
