	sumsquare_error	aic	bic	kl_div
norm	5.0692163484023684e-05	1320.994584670801	-177378.18374702364	inf
