	sumsquare_error	aic	bic	kl_div
genlogistic	1.52136403250158e-05	1428.4930943394552	-188525.1073755243	inf
logistic	1.790509773189719e-05	1411.639465768513	-187016.24688532186	inf
gennorm	1.8791992064504463e-05	1453.11673519475	-186556.57663428495	inf
gamma	3.3045560014536215e-05	1544.496438859396	-181296.40752906565	inf
norm	3.927593728413672e-05	1521.152694972751	-179695.92462373606	inf
