	sumsquare_error	aic	bic	kl_div
genlogistic	1.871315368710678e-05	1358.3543843182765	-186637.8068004671	inf
gennorm	1.9278433906158393e-05	1374.2555635149236	-186360.41034849297	inf
logistic	2.0317504646396447e-05	1346.8620997406776	-185880.23743774634	inf
gamma	3.486825197676115e-05	1427.7826661449703	-180836.88200865634	inf
norm	3.892897869042853e-05	1414.3399862969254	-179819.20019513348	inf
