	sumsquare_error	aic	bic	kl_div
norm	9.837373469839507e-05	1224.640861388773	-171197.6743267062	0.01056448785175167
