	sumsquare_error	aic	bic	kl_div
gennorm	1.7603472030560622e-05	1438.2871669386625	-187228.69159784244	inf
genlogistic	2.0216003700485652e-05	1389.8647890083216	-185938.72818957054	inf
logistic	2.2580979600684272e-05	1367.4652066964518	-184916.54387722115	inf
gamma	2.480103979139564e-05	1518.4130652691229	-184033.20860304346	inf
gengamma	2.531533024271044e-05	1520.1181120132255	-183832.73841681913	inf
