	sumsquare_error	aic	bic	kl_div
norm	2.9069953791645872e-05	1427.778336936067	-182561.8329309671	inf
