	sumsquare_error	aic	bic	kl_div
genlogistic	2.2624157578791343e-05	1438.4967221073325	-184889.59580257515	inf
gennorm	2.5307558401041135e-05	1478.4224399069806	-183844.7408556777	inf
logistic	2.804950297035073e-05	1398.832302934685	-182894.94726101286	inf
gamma	5.0898547578766916e-05	1635.6004762861473	-177331.1678056701	inf
gengamma	5.2368212985062696e-05	1642.5761735128817	-177056.67324717264	inf
