	sumsquare_error	aic	bic	kl_div
norm	6.023435005307611e-05	1563.317748050072	-175770.4048322062	inf
