	sumsquare_error	aic	bic	kl_div
gennorm	1.799611147985808e-05	1458.3447062658602	-187023.05248569947	inf
genlogistic	1.9341282487425948e-05	1427.6122121471983	-186351.06590946266	inf
logistic	2.1613815834388023e-05	1418.4488453936478	-185324.61637695885	inf
gamma	5.687273347803096e-05	1556.1995381427698	-176296.59698378242	inf
norm	6.385987008147493e-05	1551.0278490399364	-175225.5491794198	inf
