	sumsquare_error	aic	bic	kl_div
norm	1.9367620493860766e-05	1488.0742679691266	-186347.52043656382	inf
