	sumsquare_error	aic	bic	kl_div
norm	3.888945395054846e-05	1374.0875740173171	-179848.96330104987	inf
