	sumsquare_error	aic	bic	kl_div
norm	4.362281122625872e-05	1323.828926552308	-178778.26541856665	inf
