	sumsquare_error	aic	bic	kl_div
genlogistic	2.8943115703842334e-05	1346.0645508546695	-182552.27579972308	inf
gennorm	2.9073795399845788e-05	1354.402451286685	-182510.29021988725	inf
logistic	3.024233094645843e-05	1332.2446050114013	-182152.17215328544	inf
gamma	6.218293699568537e-05	1421.4423627914448	-175424.82200660076	inf
norm	6.831947991368112e-05	1401.1863797052256	-174556.8166516429	inf
