	sumsquare_error	aic	bic	kl_div
norm	3.2206977096717246e-05	1487.801851942463	-181586.04997158732	inf
