	sumsquare_error	aic	bic	kl_div
gennorm	1.84120096914587e-05	1319.9881812329756	-186810.06858793963	inf
norm	2.474208252275886e-05	1331.2277060880842	-184064.5354646565	inf
gamma	2.498872080638287e-05	1333.7856301576849	-183962.93026921616	inf
gengamma	2.6746128907754606e-05	1339.5270823188846	-183320.2185999077	inf
genlogistic	2.67522395185461e-05	1277.4272247189756	-183327.22920523377	inf
