	sumsquare_error	aic	bic	kl_div
norm	1.7035173525732034e-05	1369.7322779961064	-187543.74173252043	inf
