	sumsquare_error	aic	bic	kl_div
norm	3.253244799651289e-05	1410.8266481176734	-181492.32841592657	inf
