	sumsquare_error	aic	bic	kl_div
norm	2.474208252275886e-05	1331.2277060880842	-184064.5354646565	inf
