	sumsquare_error	aic	bic	kl_div
norm	2.8552006663826487e-05	1415.5082592478009	-182708.81931780739	inf
