	sumsquare_error	aic	bic	kl_div
norm	2.3475232900077863e-05	1686.0144065162278	-187529.91348021675	inf
