	sumsquare_error	aic	bic	kl_div
genlogistic	1.2042764898991753e-05	1385.4569226732795	-190724.68854145345	inf
gennorm	1.3258012387142325e-05	1399.4898455280781	-189828.68217787571	inf
logistic	1.3673310352611578e-05	1371.9282550029689	-189550.35876383178	inf
gamma	3.4409527362105186e-05	1472.5528409861633	-180939.90547301507	inf
norm	3.982390402095426e-05	1453.9425135999577	-179587.07789673598	inf
