	sumsquare_error	aic	bic	kl_div
norm	6.831947991368112e-05	1401.1863797052256	-174556.8166516429	inf
