	sumsquare_error	aic	bic	kl_div
dgamma	4.4926489697080706e-05	1233.7477357013572	-184120.6840848942	0.03669416845121419
gennorm	4.654271808615602e-05	1226.1490095296422	-183781.35625268213	0.040756516736658
cauchy	8.465996768783422e-05	1268.7529656762215	-178046.51358026025	0.043738283121406506
lognorm	0.00010442436196347502	1215.3631132981234	-176022.86072691382	0.06675854287176396
f	0.00010461362738888466	1217.175012757955	-175996.305385621	0.066782395894989
