	sumsquare_error	aic	bic	kl_div
f	3.308592361993547e-05	1202.9800270288365	-166943.07446651827	0.02583869859997444
lognorm	3.314938344333249e-05	1201.4947234022432	-166935.62411670265	0.02608981231474384
gamma	3.320193987714878e-05	1201.0087288357274	-166921.97317917057	0.026034567131882395
powernorm	3.335370579679623e-05	1200.9313858050937	-166882.67465887126	0.026050483323117088
norm	3.3363499379987576e-05	1198.9117025751916	-166889.20632973858	0.02613826434632808
