	sumsquare_error	aic	bic	kl_div
dgamma	9.915267510335813e-05	1211.1066097610337	-160021.19281557846	0.061985527997097466
gamma	0.00011079892999045921	1193.3379221898829	-159049.6724591361	0.06341553329412863
f	0.00011097727233413587	1195.0609469139756	-159026.52638759676	0.06257481393275646
chi	0.00011110410707535673	1192.5174873162587	-159025.61068100893	0.0630104103542479
norm	0.000111381377696501	1190.8762733793335	-159012.88301063716	0.06257076079576988
