	sumsquare_error	aic	bic	kl_div
lognorm	3.8385265185838836e-05	1198.0192782252375	-165044.90238654581	0.029667004606227426
f	3.84271218479239e-05	1199.9023721472545	-165026.4871185797	0.02967550997742713
chi	3.854601654425341e-05	1197.9505176514676	-165009.02067130405	0.029736779544294524
powernorm	3.8549053591943844e-05	1197.9065554079257	-165008.34420544346	0.02976612088691252
gamma	3.857427492327634e-05	1197.9450238421412	-165002.72851528306	0.029765012519552332
