	sumsquare_error	aic	bic	kl_div
gamma	0.0001481613685621451	1176.3354446908097	-29773.414458529962	inf
chi2	0.00014894064864447843	1178.6524310869179	-29763.840713961705	inf
norm	0.00015489763865798037	1171.2131620744487	-29699.779740245354	inf
cauchy	0.00023965870375572496	1212.6575963357698	-28903.256043736714	inf
rayleigh	0.00024495570312103203	inf	-28863.3587203695	inf
