	sumsquare_error	aic	bic	kl_div
rayleigh	0.0005117701909574195	1148.5485687049543	-27518.70184498552	inf
powerlaw	0.0005369640618431706	1112.4540926002348	-27423.49124076952	inf
uniform	0.0005420676027832915	1109.9345271817435	-27413.736890502445	inf
lognorm	0.0005785029549425201	1154.5677729704869	-27287.50595339621	inf
gamma	0.0006086369830502151	1151.779992286324	-27194.835467430014	inf
