	sumsquare_error	aic	bic	kl_div
gamma	0.0003054914241449975	1131.766328847329	-28452.80850827755	inf
chi2	0.0003054931050957982	1131.7666106142187	-28452.798466336833	inf
rayleigh	0.0003214945317270922	inf	-28367.13548202573	inf
lognorm	0.0003344914051015942	1129.547565449256	-28287.300211300848	inf
norm	0.00044873107173329173	1127.1280364105437	-27758.601598183304	inf
