	sumsquare_error	aic	bic	kl_div
gamma	0.00039937044123562277	1180.051087326959	-27849.447725065413	inf
chi2	0.00039937919604851173	1180.055670653707	-27849.407872152584	inf
lognorm	0.0004185940366838532	1180.6706165049693	-27763.97962958011	inf
rayleigh	0.0004529124518389941	inf	-27628.231667352447	inf
powerlaw	0.0005544352350615062	1114.8260097017226	-27253.03357091516	inf
