	sumsquare_error	aic	bic	kl_div
gamma	0.00031770098543216634	1233.5654809116	-28364.726882546624	inf
beta	0.00031812362043351106	1234.7304793237577	-28354.793255730354	inf
chi	0.0003192270900602307	1240.3297006029857	-28355.98611486616	inf
f	0.000320808524815091	1236.440077794783	-28339.463632844814	inf
chi2	0.000325141523684387	1253.471492097187	-28322.501461306078	inf
