	sumsquare_error	aic	bic	kl_div
f	0.00022167728467626	2039.3336071114654	-29013.653791697707	inf
invgamma	0.00023997895694213465	1928.0039382458701	-28876.46723352741	inf
chi2	0.00026348657137422436	2054.426424178758	-28706.01231027109	inf
gamma	0.00028376100071406357	1813.5890624025922	-28570.79931261709	inf
beta	0.0002963583159608745	1799.5540151766227	-28484.061597882726	inf
