	sumsquare_error	aic	bic	kl_div
lognorm	0.0010198102516406156	1576.1253805645226	-26237.466420678353	inf
invgamma	0.0010323120623869676	1565.2361391547377	-26215.242029120363	inf
beta	0.0010414421112380295	1500.5396341432188	-26191.672209338998	inf
powerlognorm	0.0010433193051504522	1511.0989770743736	-26188.387418480226	inf
gamma	0.0010444671564937256	1489.916846458955	-26193.890558905325	inf
