	sumsquare_error	aic	bic	kl_div
powerlognorm	0.00025907735892446396	1485.1282067073535	-28729.28480710063	inf
beta	0.000260633529466044	1489.3475100849082	-28718.36156645151	inf
loggamma	0.0002607905342768723	1486.3736227396876	-28724.771912627497	inf
norm	0.0002671594532186259	1496.9230084645874	-28688.27095644475	inf
powernorm	0.0002680240266051865	1498.333597203497	-28674.868925972027	inf
