	sumsquare_error	aic	bic	kl_div
f	0.00039037635057321207	1280.992500002718	-27981.472942172546	inf
gennorm	0.000407138076285164	1302.8095578936313	-27912.298751265804	inf
chi2	0.00040816280846661435	1288.143683241817	-27907.713664905274	inf
invgamma	0.0004147812832224083	1297.3824250468783	-27878.37422772087	inf
beta	0.0004237517068443191	1284.0126544816571	-27831.838527853975	inf
