	sumsquare_error	aic	bic	kl_div
gennorm	0.0007294329213038493	1109.7323714552012	-26848.696935727432	inf
beta	0.0008565865730185492	1100.6144579876127	-26548.093276338645	inf
loggamma	0.0009921515130620101	1074.1493626215463	-26287.619180503807	inf
gamma	0.0009950915522970206	1076.5370907692566	-26282.22212005287	inf
norm	0.0009955899648864488	1073.9851623956797	-26288.81754707597	inf
