	sumsquare_error	aic	bic	kl_div
gennorm	0.0005210721750279312	1225.348703619812	-27462.251954930704	inf
beta	0.0005824337227534842	1214.7455895900537	-27251.683021808232	inf
chi	0.000617377381868215	1191.4027701557623	-27152.91630556657	inf
chi2	0.0006183374882715829	1203.7363673483428	-27150.081939040032	inf
lognorm	0.0006255117428054752	1181.7610994903212	-27129.04082721372	inf
