	sumsquare_error	aic	bic	kl_div
invgamma	0.0001923248804558164	1625.3818860487786	-29280.23738079756	inf
gamma	0.00023243768094240587	1600.523617005405	-28934.705893594386	inf
f	0.0002355415897882571	1599.5535005137735	-28903.001108395325	inf
lognorm	0.0002373175532438893	1597.7147147925107	-28896.808679792026	inf
beta	0.0002424415123852053	1600.09434280216	-28850.336764950476	inf
