	sumsquare_error	aic	bic	kl_div
invgamma	0.000371376731251792	2024.0615992675835	-28079.98889564747	inf
gennorm	0.00037990883930946067	1506.4150654471596	-28038.557954298696	inf
lognorm	0.0003898657541117132	1809.8639779744663	-27991.369009068614	inf
gamma	0.0003905325278675231	1820.9310348112901	-27988.25215026812	inf
powernorm	0.0003982199734732382	1782.7450978436916	-27952.696396666717	inf
