	sumsquare_error	aic	bic	kl_div
invgamma	0.0004236540693828584	1680.3625039134054	-27839.767634865442	inf
chi2	0.00048089158134602476	1635.7184919996403	-27608.621975476486	inf
beta	0.0004875868180517191	1635.9661945820408	-27575.893614363875	inf
powerlognorm	0.0004914237878764051	1637.9644914993053	-27561.59618234002	inf
gamma	0.0004959669832370705	1625.7390080826735	-27552.3196256299	inf
