	sumsquare_error	aic	bic	kl_div
chi	0.00018116896346436715	1266.4511709757624	-29389.23220102458	inf
beta	0.00018297420455797508	1263.463159793556	-29363.638292289073	inf
gamma	0.0001835631781173368	1256.69569618689	-29365.285256095132	inf
f	0.0001836706974711488	1258.1646376516896	-29356.708401297878	inf
gennorm	0.0001873317499812127	1248.3288811120842	-29328.217552394577	inf
