	sumsquare_error	aic	bic	kl_div
loggamma	0.00046930890634201943	1371.9827527457307	-27653.092265650175	inf
beta	0.00047365323494521843	1374.394303050312	-27628.776628893826	inf
powerlognorm	0.0004927661172355057	1372.2207558347518	-27556.620698936942	inf
norm	0.0005063149545929435	1355.7103500613143	-27522.163620642696	inf
powernorm	0.0005143501209648833	1357.6401300450532	-27485.935429622885	inf
