	sumsquare_error	aic	bic	kl_div
invgamma	0.00016393948960610204	2409.1466432875063	-29571.509448936096	inf
chi2	0.00018496510678248212	2359.107674437304	-29351.40773122052	inf
gamma	0.00019694793169702235	2134.4137811145342	-29236.911252293456	inf
beta	0.00020441865831561255	2112.6177193547273	-29161.493577466692	inf
norm	0.00020666167289563097	2102.7543259993945	-29156.606043798856	inf
