	sumsquare_error	aic	bic	kl_div
gennorm	0.0008086357221631465	1130.2006009547747	-26660.67696939295	inf
beta	0.00081452011066581	1134.4569174514202	-26639.94311604858	inf
powerlognorm	0.0008264359901285057	1120.1770371218513	-26613.45252783217	inf
gamma	0.0008266730126431983	1116.7982612610099	-26620.43826532001	inf
norm	0.0008280580378390651	1112.4776506646162	-26624.89364203281	inf
