	sumsquare_error	aic	bic	kl_div
gennorm	0.0003040250278994804	1256.8012175915821	-28444.98400687122	inf
chi	0.0003165106815027385	1228.8811382492922	-28371.5735459863	inf
invgamma	0.0003182260976813266	1238.8001366650674	-28361.714571904115	inf
f	0.0003294821225667676	1231.9044999066778	-28290.80360476845	inf
beta	0.0003303767841131176	1243.0448557042791	-28285.857506007113	inf
