	sumsquare_error	aic	bic	kl_div
gennorm	0.00029399965276727	1511.9647231196184	-28506.145354087574	inf
invgamma	0.0003413145522417611	1853.1684167898125	-28233.957300788352	inf
gamma	0.00036637475430175	1822.7001210021824	-28104.722822829735	inf
lognorm	0.00038127591036432904	1813.7161087895602	-28032.006219555842	inf
beta	0.0003849476257174842	1814.423823300127	-28007.016215085125	inf
