	sumsquare_error	aic	bic	kl_div
chi	0.00043582491564881525	1424.2348627473104	-27788.105853663797	inf
powernorm	0.0004374492952638579	1394.2629143137228	-27781.320191616353	inf
beta	0.00043894395588514883	1399.392449351526	-27767.5898512494	inf
f	0.00043912515090812026	1395.118371586387	-27766.83706374319	inf
gamma	0.00043956968569085425	1389.1184486067398	-27772.500314832105	inf
