	sumsquare_error	aic	bic	kl_div
powerlognorm	0.0002647893954786211	1146.5639621789248	-28689.506876903248	inf
powernorm	0.0002652309743184437	1145.178861448027	-28693.976384694863	inf
norm	0.0002652619289960143	1143.2582679432496	-28701.272308200023	inf
gamma	0.00026556984529481933	1145.0014870357702	-28691.64744803145	inf
gennorm	0.00026558491923408953	1145.497676022956	-28691.543919391315	inf
