	sumsquare_error	aic	bic	kl_div
norm	0.00015614409341414343	1634.382351115336	-29667.880118483215	inf
loggamma	0.00015620264849413936	1639.0301440791204	-29659.687447328317	inf
powernorm	0.00015636858874128293	1636.1941224516104	-29657.75076856093	inf
foldnorm	0.00015672609566149396	inf	-29653.58530080722	inf
beta	0.00015785917011434215	1627.7694555362875	-29632.937076007925	inf
