	sumsquare_error	aic	bic	kl_div
invgamma	0.0002022621891197118	1538.494619002743	-29188.3464606514	inf
chi2	0.00020653141425926757	1517.8236259824248	-29150.24728438998	inf
gamma	0.00022379292900053324	1485.7813899213695	-29003.837226274638	inf
f	0.00022394955141051312	1486.2340863051375	-28995.05235162089	inf
beta	0.0002273587890249178	1485.349190835309	-28967.49439560593	inf
