	sumsquare_error	aic	bic	kl_div
beta	0.0002363063967242445	1191.5801394821256	-28897.08814865918	inf
gennorm	0.00023647269115233496	1196.5569629657334	-28903.313795110927	inf
loggamma	0.00027675955132769716	1157.6233530975328	-28616.368767204258	inf
chi	0.00027892580566090037	1156.084701185677	-28602.147525380627	inf
gamma	0.0002790432263616678	1156.5561306362029	-28601.37982914994	inf
