	sumsquare_error	aic	bic	kl_div
gennorm	0.0002818085029659034	1483.69679534884	-28583.393237918368	inf
beta	0.0003136726223703578	1416.1001506466657	-28380.49380358197	inf
loggamma	0.0003147402361807392	1418.6502049635455	-28381.804978984637	inf
powernorm	0.0003172417202746988	1418.279017388264	-28367.365545171717	inf
norm	0.00031752915423651856	1431.3670266446832	-28373.22246202743	inf
