	sumsquare_error	aic	bic	kl_div
invgamma	0.0003152125066318532	1539.1727811778358	-28379.07010252273	inf
lognorm	0.0003412064583643617	1542.355817108819	-28234.535050721206	inf
powerlognorm	0.0003447467106190766	1555.84355591613	-28208.198513377047	inf
chi2	0.0003504164445500092	1545.1118725382419	-28185.95364076378	inf
beta	0.00035099727969069923	1549.8258035343192	-28175.42397304242	inf
