	sumsquare_error	aic	bic	kl_div
powerlognorm	0.00014562997715324342	1662.1241745519324	-29780.014049340447	inf
gamma	0.00014659585454918298	1670.6417580917007	-29775.465265997896	inf
foldnorm	0.00014669470500984507	1669.1300689060838	-29774.23574638877	inf
norm	0.00014669483456590057	1667.1298211180851	-29781.742922661855	inf
beta	0.00014672232817661564	1671.0810755678758	-29766.383525465902	inf
