	sumsquare_error	aic	bic	kl_div
powernorm	0.00026249697184325504	1736.4291778209013	-28712.875763310876	inf
loggamma	0.00026480812096507433	1752.2467888796652	-28696.886678245042	inf
beta	0.0002651425301830014	1756.7703363817982	-28687.075931474446	inf
norm	0.00027155101215386746	1767.6267288370354	-28658.531861109583	inf
f	0.0002728471369478631	1775.9687848256387	-28634.828966676352	inf
