	sumsquare_error	aic	bic	kl_div
gennorm	0.0005281834001795172	1353.4240447665225	-27437.527619723543	inf
invgamma	0.000535292644088443	1695.9245354613965	-27413.14069699879	inf
f	0.0006119040883548287	1603.7939579745744	-27161.650101695406	inf
lognorm	0.0006174254307287315	1602.4165871115279	-27152.77435395983	inf
gamma	0.0006228837588729776	1603.223891093451	-27136.720204089084	inf
