	sumsquare_error	aic	bic	kl_div
invgamma	0.00015418612048939635	2381.662090360222	-29683.388039610014	inf
lognorm	0.00017348180371688543	2256.8693747957295	-29468.316061149777	inf
f	0.00017478604635181083	2257.74473520071	-29447.14566446257	inf
gennorm	0.00017691469845978677	1753.2951643595798	-29432.574834723717	inf
gamma	0.00017956967111775973	2241.9640109773077	-29405.405286314588	inf
