	sumsquare_error	aic	bic	kl_div
dgamma	0.00044075257273501207	1675.6954921733254	-27767.598502464152	inf
gennorm	0.00044867123283860597	1719.84497170004	-27735.119008244565	inf
invgamma	0.0004745344121191712	2787.784877770679	-27632.895227143585	inf
chi	0.0004888849418900272	inf	-27578.55273895731	inf
gamma	0.0004929650975969678	2550.140974873965	-27563.39309838083	inf
