	sumsquare_error	aic	bic	kl_div
invgamma	0.0006772847616197007	1294.736591626075	-26983.993239024516	inf
lognorm	0.0007046851254803872	1279.0112921561567	-26911.654739177426	inf
powerlognorm	0.0007086472031017416	1279.9945346992367	-26893.91927231265	inf
gamma	0.0007124131270733603	1279.6912231226042	-26891.760543954624	inf
gennorm	0.0007351484115083692	1197.2926031802967	-26834.460639221306	inf
