	sumsquare_error	aic	bic	kl_div
gennorm	0.0003870788682262326	1208.9191393751655	-28004.454373225504	inf
beta	0.0004352860131517021	1188.5819382799261	-27782.853858935166	inf
loggamma	0.0005289211689500581	1142.6256813040507	-27434.981626649154	inf
norm	0.0005432622461242946	1143.5515396090266	-27393.693380559125	inf
powernorm	0.0005435691218831193	1145.5081603682806	-27385.154550613785	inf
