	sumsquare_error	aic	bic	kl_div
gennorm	0.0006749264085432592	1166.9032855062628	-26990.355618611236	inf
beta	0.0006926378826563035	1161.3999774818835	-26935.59854425095	inf
loggamma	0.0006970534445206599	1152.5490935089474	-26931.516251033143	inf
norm	0.0006975840429474873	1153.177700334289	-26937.637134055316	inf
gamma	0.0006978400144340632	1156.026290850603	-26929.45917109646	inf
