	sumsquare_error	aic	bic	kl_div
chi2	0.0005630442917897131	1871.8388136173028	-27320.9471634111	inf
invgamma	0.0006349356466362521	1557.649933814479	-27101.765558075957	inf
powerlognorm	0.0006958414213405961	1502.3346510446686	-26927.181760634758	inf
f	0.00070137326750341	1486.6843103422095	-26912.738539841976	inf
lognorm	0.0007092575079134574	1481.6673481711878	-26899.85786081384	inf
