	sumsquare_error	aic	bic	kl_div
powerlognorm	0.00036481506443166394	1606.474548512953	-28104.995540720953	inf
loggamma	0.00037858805191881366	1616.4096687949423	-28044.91030369757	inf
beta	0.0003854163094591424	1646.3071195039279	-28004.79679849194	inf
norm	0.000402137532480501	1681.5481881004696	-27942.348951732234	inf
lognorm	0.00040794473410947176	1696.1847022346715	-27908.68845711376	inf
