	sumsquare_error	aic	bic	kl_div
lognorm	0.0002854582093343365	1225.0076053533494	-28559.922245776772	inf
gamma	0.00029247197739896817	1205.1508966339075	-28515.64789787941	inf
gennorm	0.00029462819572677914	1206.024551338107	-28502.249980136723	inf
norm	0.00029502122571113416	1200.7610355106626	-28507.32719772866	inf
powernorm	0.00029681057124046	1201.1728560102567	-28488.789005896066	inf
