	sumsquare_error	aic	bic	kl_div
gennorm	0.000600581482788645	1332.3479729889018	-27203.22615268342	inf
powernorm	0.0008473799993329267	1524.7822883943306	-26575.312489860073	inf
loggamma	0.00089074149300081	1535.045022906446	-26484.285736042115	inf
beta	0.0009346301852575158	1549.0921367610304	-26389.0486169594	inf
norm	0.0009428290888869552	1546.7813348886755	-26388.13519828883	inf
