	sumsquare_error	aic	bic	kl_div
gennorm	0.000568016979416664	1055.2374958217108	-27304.908703068737	inf
beta	0.0005991671383381601	1049.3063894754869	-27200.017875515157	inf
loggamma	0.0006549485765896817	1029.5039498113115	-27045.161231733367	inf
norm	0.000671426692191018	1025.9919093418453	-27007.34705487384	inf
gamma	0.0006739132946010461	1027.6217663284174	-26993.095633119694	inf
