	sumsquare_error	aic	bic	kl_div
lognorm	0.0001891052594046848	1751.5936978735194	-29311.030585957677	inf
gamma	0.00019630208600637678	1721.1905811189556	-29242.902471852747	inf
beta	0.00020070252659877089	1709.393506342866	-29194.957215629325	inf
norm	0.00020107942762007268	1704.4250337193034	-29206.552696681993	inf
powernorm	0.00020469831944819452	1696.083020375297	-29166.508691614665	inf
