	sumsquare_error	aic	bic	kl_div
gennorm	0.0005826898574389644	1230.5104621910684	-27258.389851689895	inf
beta	0.0007284297742055767	1196.0754018958419	-26843.69831717784	inf
loggamma	0.0008353248577665099	1141.4852815198497	-26601.4477379087	inf
foldnorm	0.0008522620009984527	1139.8632513415794	-26564.83405319406	inf
norm	0.0008522637026358097	1137.8635823117522	-26572.33919854629	inf
