	sumsquare_error	aic	bic	kl_div
invgamma	0.0003791841088690752	1523.330337803675	-28042.040818230133	inf
f	0.00040963109223563296	1505.7210078897822	-27893.65517744928	inf
gennorm	0.00041194504316228087	1339.8208378984907	-27890.88942652522	inf
gamma	0.00041684893304677265	1503.808152998705	-27869.304328679595	inf
beta	0.0004277016181247208	1498.8104411957208	-27814.915251739152	inf
