	sumsquare_error	aic	bic	kl_div
gennorm	0.000305831598707164	1340.2625798693343	-28434.17754958902	inf
beta	0.0003380089228174204	1299.3137351482567	-28244.200044020326	inf
chi	0.00035811545447715545	1279.8093598944156	-28146.312385753306	inf
gamma	0.00036293670777751277	1270.855368481325	-28121.919983822765	inf
lognorm	0.00036346906878305607	1272.9415214524713	-28119.246473563653	inf
