	sumsquare_error	aic	bic	kl_div
chi2	0.00047694900259619616	1574.7995996127104	-27623.63763543707	inf
gamma	0.000477057157729824	1516.4564791869761	-27623.224063758422	inf
lognorm	0.00047891834329387217	1510.308330018354	-27616.121775562908	inf
beta	0.00047987873189207466	1511.5456017916906	-27604.958931795078	inf
powerlognorm	0.0004800202150025653	1509.788200139258	-27604.421239371848	inf
