	sumsquare_error	aic	bic	kl_div
invgamma	0.0003628046194771953	1828.3672066824968	-28122.583936813702	inf
f	0.00041170064031966446	1743.1839368900355	-27884.463121317294	inf
powerlognorm	0.0004283089129678929	1755.0710788798249	-27812.32718549568	inf
gamma	0.000433325332976472	1736.6270928145689	-27798.597138389494	inf
beta	0.00043973001161211307	1731.8581067996336	-27764.326374507178	inf
