	sumsquare_error	aic	bic	kl_div
gennorm	0.0004805079834286563	1204.6865261955415	-27610.07752562243	inf
beta	0.0005030221453548214	1187.3597513997272	-27519.047135359186	inf
loggamma	0.0005670816430911645	1151.528977899232	-27307.914704150964	inf
powernorm	0.0005762964889446286	1151.5164871471418	-27278.513682240584	inf
norm	0.0005882676235963125	1152.6514990089536	-27248.521539203724	inf
