	sumsquare_error	aic	bic	kl_div
invgamma	0.00026203128589294904	1613.0610479205216	-28716.114526462356	inf
f	0.00027821236404086837	1565.9660825969013	-28599.31017627332	inf
gennorm	0.00027939329970631734	1393.5221241736822	-28599.092966330347	inf
lognorm	0.0002807586907726537	1563.0745475099925	-28590.200814629377	inf
gamma	0.00028584945837142656	1562.1906281731713	-28557.423982947283	inf
