	sumsquare_error	aic	bic	kl_div
gennorm	0.0002207242801038264	1469.7818460605886	-29029.020973445997	inf
beta	0.00028668908765994383	1396.4541190576863	-28544.565390315485	inf
loggamma	0.0003020605381023469	1364.5460220191349	-28456.80821830061	inf
chi	0.0003027169433616947	1404.4883179509604	-28452.848799506468	inf
powernorm	0.00030361991106785645	1372.7800870969213	-28447.416128536282	inf
