	sumsquare_error	aic	bic	kl_div
gennorm	0.00023066417076177462	1188.2635248490888	-28948.676463446634	inf
beta	0.00024269160594491543	1185.6252608405487	-28848.456164859137	inf
loggamma	0.00029003643191183597	1153.0410012090183	-28530.900762164838	inf
powernorm	0.0002914600149502728	1151.8201592058604	-28521.9699400983	inf
norm	0.00029150706141547897	1149.8434994783772	-28529.184327272087	inf
