	sumsquare_error	aic	bic	kl_div
gennorm	0.0004133062562786185	1435.8864811693818	-27884.872217033808	inf
dgamma	0.00046500398562525277	1364.6251981160574	-27669.900833791038	inf
invgamma	0.00046835752375234887	1839.248065173796	-27656.793629767206	inf
lognorm	0.00047444906088361775	1738.4828424667749	-27633.223326965126	inf
gamma	0.0004747858287743194	1753.3474954643307	-27631.929095863627	inf
