	sumsquare_error	aic	bic	kl_div
powernorm	0.00010079045552821858	1741.7361075177078	-30458.80105243606	inf
loggamma	0.00010447951164768727	1756.2459549682799	-30393.233127147818	inf
beta	0.00010463272492735383	1769.4022507896227	-30383.051506701657	inf
norm	0.00010819867383012875	1790.3929015493197	-30336.941826558665	inf
f	0.00011073728653391001	1802.4974179902404	-30279.622959180382	inf
