	sumsquare_error	aic	bic	kl_div
invgamma	0.0004324171707709543	1538.4900275529906	-27802.42388471024	inf
chi2	0.00043704256490801653	1542.998459030793	-27783.016894024546	inf
gamma	0.0004812216875961028	1487.544523308243	-27607.370326958157	inf
lognorm	0.00048643448850228566	1481.0347629459793	-27587.718221044077	inf
beta	0.0004946409304141538	1479.8510061901957	-27549.694146497466	inf
