	sumsquare_error	aic	bic	kl_div
powernorm	9.450197127376104e-05	1539.7888434371284	-30576.308549008656	inf
gennorm	9.509412240106648e-05	1467.360192583988	-30564.914989709054	inf
loggamma	9.734326976177017e-05	1550.2350737683569	-30522.27637820246	inf
beta	9.753657556323673e-05	1554.1923658025225	-30511.149054728845	inf
norm	0.00010171033127762964	1568.383926224682	-30449.73839873102	inf
