	sumsquare_error	aic	bic	kl_div
invgamma	0.0007919844440506616	1261.0245321140897	-26698.6285429569	inf
powerlognorm	0.000841997697878539	1210.6455467330104	-26579.426149328494	inf
lognorm	0.000845573399398637	1204.75002344026	-26579.20537850479	inf
gamma	0.0008472844524553074	1204.5833965245017	-26575.518167750797	inf
beta	0.0008473002048307792	1206.5923721428337	-26567.975469813013	inf
