	sumsquare_error	aic	bic	kl_div
gennorm	0.0011059887919166013	1046.3259088160692	-26089.49772764454	inf
norm	0.0011063193253957578	1038.9114722915142	-26096.46147945979	inf
powernorm	0.0011083991993748289	1040.7750565370823	-26085.52680208175	inf
loggamma	0.0011093684895772664	1040.451866737878	-26083.932419179855	inf
beta	0.0011105389498975043	1047.505661610581	-26074.50020062286	inf
