	sumsquare_error	aic	bic	kl_div
invgamma	0.0001635415002537077	2193.109129139472	-29575.94288451641	inf
gamma	0.0001768162987415206	1989.3708547355523	-29433.589623318254	inf
chi2	0.00017834732797921877	2125.537299624551	-29417.86383149894	inf
beta	0.0001830741213085102	1964.6428429774667	-29362.642532196078	inf
gennorm	0.00018395202981538852	1679.903238683225	-29361.425466096745	inf
