	sumsquare_error	aic	bic	kl_div
chi2	0.0008619637043915467	1143.0046693721526	-26544.18788522258	inf
lognorm	0.0008661631099995431	1130.060865972949	-26535.323106501153	inf
invgamma	0.0008740096122308173	1147.8271878896915	-26518.874030058672	inf
powerlognorm	0.0008756872949518754	1123.3984729090093	-26507.867386535385	inf
gamma	0.0008772387801857551	1121.0116545687504	-26512.14738973653	inf
