	sumsquare_error	aic	bic	kl_div
invgamma	0.0006793960272775211	1421.5956663893398	-26978.316219492626	inf
chi2	0.000687810957690097	1415.199676970035	-26955.863105867014	inf
f	0.0006959251468404035	1390.2172001138588	-26926.96230528165	inf
powernorm	0.0007518816581273505	1327.7907040114408	-26793.408705144524	inf
gamma	0.0007557260104609672	1323.6095390740272	-26784.106399244884	inf
