	sumsquare_error	aic	bic	kl_div
gennorm	0.0005853889916428268	1177.614781641317	-27249.960233168273	inf
powerlognorm	0.0006864588946083401	1233.9244188855828	-26951.943371971036	inf
lognorm	0.0006999798402435831	1234.321363269534	-26923.87469565442	inf
gamma	0.0007026778331159552	1234.6558242596027	-26916.857808837685	inf
beta	0.0007145981686892837	1236.8705535420875	-26878.665929910625	inf
