	sumsquare_error	aic	bic	kl_div
powerlognorm	0.0003274265283247442	1167.5829087476152	-28302.218939702165	inf
lognorm	0.00032805067961581694	1164.6235612216753	-28306.25406742224	inf
beta	0.00032805818255784676	1167.025506659536	-28298.7035634968	inf
gamma	0.00032805819236317047	1165.025270918129	-28306.212296149944	inf
f	0.0003280610694171714	1166.4814332407866	-28298.687512660334	inf
