	sumsquare_error	aic	bic	kl_div
powernorm	0.00019717552983887957	1967.2651012418985	-29234.804607562	inf
loggamma	0.00020096515395723072	1994.5703164742092	-29200.08078540118	inf
beta	0.00020244505625043003	2021.5251408990143	-29179.189323109254	inf
norm	0.00020350209890913798	2033.4309511710183	-29184.707876986682	inf
f	0.00020471822774867826	2053.823642347184	-29158.82251669378	inf
