	sumsquare_error	aic	bic	kl_div
norm	0.0007019877943504279	1095.0277137263279	-26926.158667779644	inf
gennorm	0.0007021146914782221	1094.4056664702377	-26918.32018906005	inf
powernorm	0.0007026610149798177	1097.087058141014	-26916.901465611787	inf
loggamma	0.000703763494679099	1093.2361344222518	-26914.041840556096	inf
powerlognorm	0.0007098509956162817	1100.7653243913355	-26890.823437470397	inf
