	sumsquare_error	aic	bic	kl_div
beta	0.0008485695134049493	1028.6727686093536	-26565.245048664827	inf
loggamma	0.0008608928412293443	1016.3318995867206	-26546.455345812217	inf
gennorm	0.0008670977317405278	1027.2161503477987	-26533.35600474736	inf
norm	0.0008749876219751448	1013.0218641808766	-26524.342916965663	inf
foldnorm	0.0008749877120740243	1015.0218848303376	-26516.83394197483	inf
