	sumsquare_error	aic	bic	kl_div
invgamma	0.00027267947269416783	1618.0287791265255	-28643.458944281934	inf
f	0.0003002168949637967	1588.8607031460442	-28460.46642960549	inf
lognorm	0.0003049227553298708	1585.545194902837	-28439.60602188012	inf
powerlognorm	0.00031282411918920886	1592.33418574159	-28385.43451802163	inf
beta	0.00031580145932096315	1585.7651273137108	-28368.156477821274	inf
