	sumsquare_error	aic	bic	kl_div
gennorm	0.0008816334574011184	1138.6172037151157	-26503.03256291699	inf
lognorm	0.0010668178223171463	1208.6395573305988	-26155.270346183577	inf
gamma	0.0010747917885203988	1208.3405141526034	-26141.687495701786	inf
beta	0.001076831596128409	1212.2885840918357	-26130.720287119482	inf
powerlognorm	0.0010888852768499604	1223.7777259445938	-26110.416487548897	inf
