	sumsquare_error	aic	bic	kl_div
invgamma	0.00019652615053401465	2573.934075510412	-29240.82169605957	inf
gamma	0.0002095182445493576	2318.071220495995	-29124.057756625698	inf
lognorm	0.0002118140807316097	2306.525974136885	-29104.1796395607	inf
chi2	0.00021224415590189686	2420.898887912958	-29100.479877066802	inf
f	0.00021686023411499408	2293.6101031550334	-29053.72632025496	inf
