	sumsquare_error	aic	bic	kl_div
chi2	0.00018895928134301062	2208.171578458534	-29312.439149676447	inf
lognorm	0.00020401817407077996	2107.274914061554	-29172.57933634388	inf
gamma	0.0002043069977763783	2120.7541732355926	-29169.99896871928	inf
gennorm	0.0002052504331149277	1694.9141820237462	-29161.595609524757	inf
beta	0.00020684487750062894	2106.0021784152727	-29139.97221829513	inf
