	sumsquare_error	aic	bic	kl_div
chi	0.000583383874377869	1255.2519689690648	-27256.21865614455	inf
lognorm	0.0005834613193604128	1251.695556072542	-27255.976533797686	inf
beta	0.0005834660897160426	1253.9681209455273	-27248.452833739408	inf
gamma	0.0005834727363967424	1251.9235276846068	-27255.94084253619	inf
f	0.0005834776626568101	1253.5608334809406	-27248.416655399335	inf
