	sumsquare_error	aic	bic	kl_div
gennorm	0.0009700659478403758	1035.78043059512	-26328.680656120992	inf
beta	0.0010581062020647981	1028.9599298390676	-26162.71746725642	inf
loggamma	0.0011835590227155253	1011.9169657082163	-25965.85560600741	inf
foldnorm	0.0011982176985217364	1008.0788661516017	-25943.403659083262	inf
norm	0.0012012934613145469	1011.3339632531595	-25946.236331801363	inf
