	sumsquare_error	aic	bic	kl_div
norm	0.0006402972437612659	1203.37199702837	-27093.936580898186	inf
chi	0.000643452923119971	1223.4645853390343	-27077.46036238072	inf
powernorm	0.0006449184378953013	1226.9820017625646	-27073.310782245688	inf
loggamma	0.0006463121689588648	1196.0541441065568	-27069.3731952125	inf
gamma	0.0006488734329741328	1226.6070347900334	-27062.159168671926	inf
