	sumsquare_error	aic	bic	kl_div
gennorm	0.0007164499996488928	1106.4364559916137	-26881.454063185127	inf
beta	0.0007343524856409748	1107.4106552526546	-26828.92771872338	inf
loggamma	0.000734672024324293	1091.5946581896044	-26835.643001682733	inf
norm	0.0007388786209527268	1095.4055221648555	-26832.737687216293	inf
foldnorm	0.0007388789550755363	1097.4058632389617	-26825.228075228362	inf
