	sumsquare_error	aic	bic	kl_div
gennorm	0.00027056887391299715	1460.5352085730615	-28657.63202578624	inf
beta	0.0003431128594537291	1394.2896029021283	-28216.863509140225	inf
loggamma	0.0003570312032927554	1360.3916753300823	-28151.84321122575	inf
powernorm	0.0003576964690298453	1373.8836386203336	-28148.447666035947	inf
chi	0.00035944001046909373	1382.092631937649	-28139.578431400092	inf
