	sumsquare_error	aic	bic	kl_div
invgamma	0.00034262501792611127	1590.138941317514	-28226.967524388067	inf
gamma	0.00040936571423219316	1569.9117677545064	-27902.346019278473	inf
f	0.00041218141419054207	1569.6312447983319	-27882.334341754202	inf
gennorm	0.0004163533015043076	1437.7740164955105	-27871.474346959905	inf
beta	0.00041640960591613434	1572.0537940397703	-27863.71891276306	inf
