	sumsquare_error	aic	bic	kl_div
gennorm	0.0006161329635769264	1091.9899272559521	-27156.5965661201	inf
beta	0.0007545509077426558	1080.6188995046678	-26779.43601576684	inf
loggamma	0.0009098434624256209	1051.6318499388146	-26445.58353615975	inf
foldnorm	0.0009209231072089143	1045.4500389037087	-26423.505878470914	inf
norm	0.0009238263909001122	1048.5632397766567	-26425.273405020147	inf
