	sumsquare_error	aic	bic	kl_div
gennorm	0.00029020722388942334	1301.2564570172922	-28529.826990575948	inf
f	0.00034714486044543113	1393.8709371444254	-28195.55421191942	inf
gamma	0.00035034641487929896	1385.6191407936926	-28186.318198097495	inf
beta	0.00035149848800254023	1386.3285703349288	-28172.821241017653	inf
norm	0.0003517269217538574	1382.100132642662	-28186.653809324507	inf
