	sumsquare_error	aic	bic	kl_div
invgamma	0.0002271452772723433	2126.871324315803	-28976.716898865034	inf
gamma	0.0002435693842483378	1976.3506206056973	-28849.379725590414	inf
beta	0.00025417578449722536	1951.12819278753	-28764.12431537567	inf
powerlognorm	0.000257689333173464	1944.3820922854345	-28739.083291008432	inf
f	0.00026588923493264143	2090.231116602978	-28681.946331136118	inf
