	sumsquare_error	aic	bic	kl_div
powernorm	0.00025616163500571655	1422.230123931212	-28757.43775072052	inf
beta	0.00025719406031389464	1430.8301629497128	-28742.59234950947	inf
loggamma	0.00025904156255655115	1429.8676438980585	-28737.04563129392	inf
norm	0.00027016194232383506	1441.130521166572	-28667.88614699912	inf
gamma	0.0002832931905304815	1457.795645605268	-28573.808852028353	inf
