	sumsquare_error	aic	bic	kl_div
powerlognorm	0.00011181168960606515	1540.6334794590055	-30262.011317350323	inf
powernorm	0.00011267414841095619	1531.0172831552613	-30255.50467607271	inf
loggamma	0.00011530827974675126	1541.5971567537445	-30213.35345051463	inf
beta	0.00011587214937881938	1547.6726106046196	-30196.94684917906	inf
norm	0.00012006930549656257	1570.2554086520367	-30147.063404329157	inf
