	sumsquare_error	aic	bic	kl_div
invgamma	0.00039751886336139726	2350.3421619060987	-27955.91057980249	inf
gennorm	0.00043208144768721007	1623.221858145516	-27803.84056467353	inf
chi2	0.00045037994079340893	2200.010038742846	-27728.1857275735	inf
gamma	0.00045739988258041407	2112.5248747822957	-27699.974858074922	inf
beta	0.00047421717891667827	2059.8100676638614	-27626.60621844474	inf
