	sumsquare_error	aic	bic	kl_div
lognorm	0.0012170376018032746	1023.1039375402484	-25914.97751435399	inf
gamma	0.0012222723677742045	1024.2025388254187	-25907.148884202303	inf
beta	0.001222506379024616	1026.2520626079258	-25899.290914904155	inf
invgamma	0.0012274181841229572	1021.9992173447505	-25899.48588952885	inf
chi	0.0012496772394961846	1028.659154283026	-25866.70426193343	inf
