	sumsquare_error	aic	bic	kl_div
gennorm	0.00027557863364014535	1253.7859770627365	-28624.16832625279	inf
beta	0.00030638353293956425	1235.7577095853271	-28423.37995670091	inf
loggamma	0.0003297607950617049	1213.5780512419067	-28296.770324068657	inf
powerlognorm	0.0003357614538770575	1214.5755150611308	-28256.36857707914	inf
norm	0.00033945231998501636	1213.3600132057325	-28251.445187258185	inf
