	sumsquare_error	aic	bic	kl_div
invgauss	0.0002938189257135187	2332.5862046522802	-28507.26694557344	inf
invgamma	0.0003623032834252951	1600.5864992173642	-28125.10614654474	inf
f	0.0003817325868161636	1561.7184417945998	-28022.31402826667	inf
gamma	0.0003817726745044345	1562.3973703918055	-28029.63127793998	inf
beta	0.00038696053247943364	1560.9781567514945	-27997.50329514215	inf
