	sumsquare_error	aic	bic	kl_div
invgamma	0.0005065505631507084	1378.2002551804655	-27513.806250892074	inf
chi2	0.0005519361273948124	1350.3954727152964	-27357.29212855832	inf
powerlognorm	0.0005616535265082232	1341.0441125150198	-27317.94937844062	inf
lognorm	0.0005666675231792889	1332.9249857483537	-27309.24719422077	inf
gamma	0.0005768397341855961	1331.8264169668576	-27276.79510056228	inf
