	sumsquare_error	aic	bic	kl_div
gennorm	0.00028680312766699235	1528.0979801294006	-28551.348765806455	inf
dgamma	0.0003924784339383427	1478.45542541481	-27979.18627468466	inf
powernorm	0.00042421599252807197	1831.4588906546173	-27837.349934293205	inf
loggamma	0.0004606216133803848	1855.5670671664764	-27687.172410354284	inf
beta	0.00047249115596199263	1879.3388945025044	-27633.25719898783	inf
