	sumsquare_error	aic	bic	kl_div
loggamma	8.641635212960627e-05	1615.5855927028942	-30739.453995812757	inf
beta	8.677426988086671e-05	1623.8329713360372	-30724.40619873354	inf
norm	8.892627312105578e-05	1633.1596329018469	-30694.740357243936	inf
powernorm	8.932715361212075e-05	1634.2631917675903	-30679.027438889403	inf
f	9.092161538825638e-05	1642.2095602860209	-30639.24798316056	inf
