	sumsquare_error	aic	bic	kl_div
beta	0.0008236489216291821	1002.9720474005946	-26619.61417168559	inf
gennorm	0.000868542756404615	1003.3230334065187	-26530.318825545462	inf
invgamma	0.0008960474984068959	987.7563500137346	-26473.452691562954	inf
gamma	0.0009141927473836523	990.0337345008436	-26436.885122438158	inf
powerlognorm	0.0009196958955701964	993.8561529395013	-26418.42935387861	inf
