	sumsquare_error	aic	bic	kl_div
loggamma	0.00037210198238264773	1370.9348317293843	-28076.4303311371	inf
norm	0.00037306417410106206	1385.0545352779654	-28079.228655669256	inf
powernorm	0.00037563826557928553	1404.2679833491313	-28059.177739324346	inf
powerlognorm	0.0003758702068847316	1406.5799588860027	-28050.543054123104	inf
beta	0.0003762797209900583	1405.3471465135835	-28048.556870852342	inf
