	sumsquare_error	aic	bic	kl_div
powerlognorm	0.0002731419839445502	1583.2097537778677	-28632.85896048518	inf
powernorm	0.00027345565403274585	1576.9568233977577	-28638.274309031414	inf
loggamma	0.00027740053604014486	1589.134530401186	-28612.149204433277	inf
beta	0.00027910128322128206	1598.6921733604763	-28593.491585725595	inf
norm	0.0002939533327529581	1633.3699795244002	-28513.941537388033	inf
