	sumsquare_error	aic	bic	kl_div
powernorm	0.00023290165179855996	2073.080730991229	-28931.068620479826	inf
loggamma	0.00023691036319463743	2091.8389356424454	-28899.94099152069	inf
beta	0.00023947195039364014	2133.3709444789215	-28872.81611050973	inf
norm	0.0002549690460508346	2254.960070282494	-28773.458201470534	inf
gennorm	0.0002809199999096548	1836.3254920390928	-28589.153141364004	inf
