	sumsquare_error	aic	bic	kl_div
invgauss	0.00036637071065532124	3386.0011672824025	-28104.74295427084	inf
gennorm	0.00040682569866280565	1533.582291604355	-27913.69875659452	inf
invgamma	0.00043530190368571716	2092.4004498503796	-27790.296060449175	inf
chi2	0.00043993099242698385	2004.1720727970855	-27771.001683756156	inf
gamma	0.00044326456527575103	1957.8887550552386	-27757.232443867633	inf
