	sumsquare_error	aic	bic	kl_div
f	0.0006263395813293891	1174.6803899929437	-27119.11964863747	inf
chi2	0.0006297042414589408	1171.100775235001	-27116.856237346976	inf
lognorm	0.0006322208358248873	1164.209809194459	-27109.581202891528	inf
gamma	0.0006331029410453256	1164.0078055494926	-27107.038043247892	inf
beta	0.0006335753927255866	1166.7017279606905	-27098.16860770777	inf
