	sumsquare_error	aic	bic	kl_div
chi2	0.00016313758251612783	1994.26848412056	-29580.453404887277	inf
gamma	0.00018336336338400222	1771.9207384502452	-29367.27182325998	inf
f	0.00018342364928917301	1760.2983528397388	-29359.163442929163	inf
chi	0.0001836801429137007	1776.6913242741125	-29364.123389923232	inf
beta	0.00018410268470607586	1759.2267282890664	-29352.42345237517	inf
