	sumsquare_error	aic	bic	kl_div
gennorm	0.00022646091394953308	1093.4938577947414	-28982.220702261395	inf
beta	0.000246495652839198	1089.5913453498777	-28820.087799678717	inf
loggamma	0.0003400544028668596	1074.7107573863527	-28240.704056898147	inf
norm	0.00034580587579602465	1073.5805666952913	-28217.620804069476	inf
gamma	0.0003460339545190745	1075.573747199702	-28208.909381295383	inf
