	sumsquare_error	aic	bic	kl_div
beta	0.0002363063629377165	1191.5801649265536	-28897.08840945039	inf
gennorm	0.0002365008565025403	1196.4302342045162	-28903.096558442663	inf
loggamma	0.00027789985338088296	1158.1761130989164	-28608.86897955926	inf
powernorm	0.00027901014439038544	1156.5141424239664	-28601.596086299713	inf
gamma	0.00027903060125268804	1156.5509461639604	-28601.46235657783	inf
