	sumsquare_error	aic	bic	kl_div
chi2	0.0002895304493418078	1686.4215936692763	-28534.085597158217	inf
invgamma	0.00029008289133566645	1657.9725976115851	-28530.608608513503	inf
f	0.00032532389518778753	1562.4462466620705	-28313.969881466477	inf
gamma	0.00032811170128058435	1559.898351027646	-28305.91481140849	inf
beta	0.00033469204736022695	1551.6588721161095	-28262.187322562095	inf
