	sumsquare_error	aic	bic	kl_div
gennorm	0.000535694426267246	1142.2147347899381	-27411.772145036208	inf
powerlognorm	0.0007284235682953584	1218.5726878788614	-26843.713856944138	inf
f	0.0007314911893234536	1218.839188578614	-26836.048547773342	inf
invgamma	0.0007425792920742643	1226.7818486170604	-26816.11620355073	inf
gamma	0.0007459174772191002	1216.5461848301723	-26807.934983358948	inf
