	sumsquare_error	aic	bic	kl_div
invgamma	0.00014508562666254576	2132.381347027257	-29794.35354282605	inf
chi2	0.0001471165251848835	2092.693286153448	-29768.998366405795	inf
gamma	0.00015206456869777581	1992.3590901934508	-29708.659965578743	inf
beta	0.00015742839741051718	1976.76325890988	-29637.921287132147	inf
powernorm	0.0001617316677088866	1972.54798452326	-29596.24070772238	inf
