	sumsquare_error	aic	bic	kl_div
gennorm	0.00035253584866216985	1562.5001617387113	-28174.95487213709	inf
dgamma	0.00044355672102330975	1477.0160051258997	-27756.03064117963	inf
lognorm	0.0006308746376645655	2086.3339281585495	-27113.4692167839	inf
gamma	0.0006431820630994706	2062.8226573160855	-27078.228332613122	inf
f	0.00065092153251637	2043.771143304441	-27048.90218773843	inf
