	sumsquare_error	aic	bic	kl_div
gamma	0.00021192136959396357	2250.069385217588	-29103.255974151234	inf
norm	0.00021327565526829066	2192.7202438538607	-29099.145557617205	inf
beta	0.00021330221305433292	2195.5159413395268	-29083.900866937278	inf
f	0.000214424656164711	2211.958289199413	-29074.3277440857	inf
powernorm	0.00021556101111569535	2132.161030815753	-29072.195669182147	inf
