	sumsquare_error	aic	bic	kl_div
gennorm	0.0008089614444619266	1130.2621349511383	-26659.94240148783	inf
beta	0.000814520073649801	1134.4568962014278	-26639.943198940582	inf
powerlognorm	0.0008248651514869272	1118.8249115468418	-26616.922773778588	inf
powernorm	0.0008250114985317897	1119.4435923492417	-26624.10797674609	inf
gamma	0.0008266097273619036	1116.765811174168	-26620.577905504164	inf
