	sumsquare_error	aic	bic	kl_div
gennorm	0.00038511943627566957	1116.690581469059	-28013.711092717753	inf
beta	0.00045281060763259696	1106.336218206499	-27710.859417343447	inf
chi2	0.000495909938960005	1101.4511877180148	-27552.52942738888	inf
lognorm	0.0005158365739940186	1114.472169019357	-27480.671738643367	inf
powernorm	0.0005194002122226064	1089.8967284627845	-27468.11402838742	inf
