	sumsquare_error	aic	bic	kl_div
gennorm	0.0004226510127780741	1148.1983044242224	-27844.09131468821	inf
beta	0.00046941127444416757	1143.117620130708	-27645.18566148811	inf
loggamma	0.0005653051020720828	1107.4643857358947	-27313.637860998515	inf
norm	0.0005698251101997114	1106.0311080921495	-27306.620493706298	inf
gamma	0.0005700312265456679	1108.0298198928945	-27298.45205109137	inf
