	sumsquare_error	aic	bic	kl_div
powerlognorm	0.0005831091509701025	1209.2551402430436	-27249.56901771144	inf
foldnorm	0.0005852141741447838	1206.0621562381527	-27250.505024312057	inf
norm	0.0005852142418930124	1204.062403971184	-27258.013600324506	inf
lognorm	0.0005867988010248729	1207.4077556375248	-27245.572721936973	inf
powernorm	0.0005869971227560409	1208.7071221833683	-27244.956364640504	inf
