	sumsquare_error	aic	bic	kl_div
gennorm	0.0006430262930720951	1222.4715980554074	-27078.67013433204	inf
lognorm	0.0007491662653687658	1322.333225216982	-26800.00793721015	inf
gamma	0.0007530557652537736	1323.1517965403784	-26790.562644172387	inf
invgamma	0.0007549331391951166	1342.1501708113235	-26786.021056594338	inf
chi	0.000781462831164158	1320.316503047654	-26723.023015231538	inf
