	sumsquare_error	aic	bic	kl_div
gennorm	0.00020053898338649726	1360.883521991146	-29203.952901978046	inf
beta	0.0002349772155569759	1331.847625024568	-28907.376785115786	inf
powernorm	0.0002594381730732238	1291.7775963099186	-28734.25509706934	inf
loggamma	0.000260386787857213	1287.8213246287896	-28727.59795123471	inf
norm	0.00026074546373790517	1286.004287050199	-28732.595955748224	inf
