	sumsquare_error	aic	bic	kl_div
gennorm	0.000757293598188781	1192.6475262224099	-26780.32683019995	inf
lognorm	0.0008599626096912415	1294.8366095005347	-26548.42732142453	inf
gamma	0.0008660353672731294	1294.2615777146302	-26535.592131946516	inf
beta	0.0008669641125609976	1293.663343943497	-26526.128316413826	inf
invgamma	0.0008744329604209807	1326.1861105220034	-26517.99074441232	inf
