	sumsquare_error	aic	bic	kl_div
lognorm	0.00037811112551531194	1268.6971607883117	-28047.209536737904	inf
gamma	0.0003811258593313413	1263.1572075674849	-28032.724195559	inf
gennorm	0.0003826774488853588	1237.823381563801	-28025.31364048815	inf
norm	0.0003835951442155948	1258.0250648646813	-28028.453546146684	inf
powerlognorm	0.00038708727544989715	1257.2976825626527	-27996.905969814634	inf
