	sumsquare_error	aic	bic	kl_div
invgamma	0.0002649509337840367	1421.6544081845834	-28695.9032478128	inf
chi2	0.0002761927184146871	1412.5272591422527	-28620.108343482574	inf
powernorm	0.0002865296693720034	1409.0366773607113	-28553.088725461508	inf
beta	0.0002891035452558479	1403.924840670394	-28529.26822874743	inf
powerlognorm	0.0002893738122054648	1402.1003964084366	-28527.563868341233	inf
