	sumsquare_error	aic	bic	kl_div
gennorm	0.0009681488711588609	1056.0739721014013	-26332.288872272376	inf
loggamma	0.0009879080270022986	1051.0705735062804	-26295.437258966856	inf
norm	0.0009909276006282988	1050.2125926016342	-26297.379432628237	inf
powernorm	0.000991169608279947	1052.2162371792263	-26289.425236466745	inf
beta	0.0009955485390470704	1054.884896042184	-26273.875869746273	inf
