	sumsquare_error	aic	bic	kl_div
powerlognorm	0.0003530033148251152	2078.7215387137508	-28165.029044353803	inf
invgamma	0.00035910064255861347	2294.6783973139377	-28141.301387817755	inf
foldnorm	0.00036149050652381704	inf	-28129.202632897694	inf
gamma	0.000363818146932704	2063.740332138027	-28117.49553231213	inf
beta	0.0003723746068515805	2041.3394417213626	-28067.585660311423	inf
