	sumsquare_error	aic	bic	kl_div
gennorm	0.0007615256288733064	1049.460598179195	-26770.162034010285	inf
beta	0.0008152012325025209	1046.8882278665772	-26638.418479572898	inf
powernorm	0.0009269077349870549	1031.8289917755376	-26411.690944998085	inf
norm	0.0009370783410242721	1029.8673592958744	-26399.294680563427	inf
gamma	0.0009372496776147911	1031.9032178703255	-26391.452421408307	inf
