	sumsquare_error	aic	bic	kl_div
powernorm	0.00011684368536534894	1611.4608508501053	-30189.225972785687	inf
loggamma	0.00011924075917682988	1622.8640797652877	-30152.18488014257	inf
beta	0.00011960650508392964	1630.8067552703199	-30139.089920083985	inf
norm	0.00012336775890624992	1657.300748975241	-30097.631759600146	inf
f	0.00012791689770005128	1675.5494705856354	-30016.565299248155	inf
