	sumsquare_error	aic	bic	kl_div
gennorm	0.00015700701367099825	1186.5934265240833	-29650.31886464839	inf
beta	0.00016279278867636267	1186.7725761982438	-29576.803749935792	inf
loggamma	0.00019847066697997905	1157.0539869292143	-29222.862935419755	inf
norm	0.00020037271041504592	1154.8927589534371	-29212.97465034191	inf
powernorm	0.00020038021860907448	1156.8926215207136	-29205.397517091096	inf
