	sumsquare_error	aic	bic	kl_div
gennorm	0.00015463230272948027	1389.3407382701012	-29678.11738921477	inf
beta	0.00016951664916244118	1518.3769789909966	-29502.981015890786	inf
gamma	0.00017007743651175616	1524.1300651650645	-29504.465687223852	inf
powernorm	0.00017240645100362185	1511.3041406640302	-29479.657583400327	inf
norm	0.00017365624383232047	1487.8445488213097	-29473.991694048887	inf
