	sumsquare_error	aic	bic	kl_div
invgamma	0.0009212509523680933	1269.1387040179325	-26422.856656891065	inf
chi2	0.0009656198552182807	1248.5046199999047	-26337.059792023698	inf
lognorm	0.0010062172338971128	1232.254919268511	-26261.941938968488	inf
beta	0.0010199644348845183	1233.5323990261988	-26229.681887133112	inf
gamma	0.0010199984898998306	1231.4861194993384	-26237.129774816625	inf
