	sumsquare_error	aic	bic	kl_div
gennorm	0.00036730134205513373	1492.7514988181254	-28100.115620907418	inf
invgamma	0.000368077166159705	1851.9796126612964	-28096.26698057881	inf
rayleigh	0.0003880822704209169	inf	-28007.24102835397	inf
gamma	0.0003893994187321293	1753.1852901459163	-27993.55208066873	inf
f	0.0003952263957355021	1743.3084385605953	-27958.95114012428	inf
