	sumsquare_error	aic	bic	kl_div
gennorm	0.0010261166574125782	982.4562350737555	-26226.22171735274	inf
beta	0.0010285978958719361	983.0998734130218	-26214.307665088178	inf
foldnorm	0.0010613574003044248	967.0462541683065	-26164.630319461397	inf
loggamma	0.0010652885912102936	977.0230946051021	-26157.886836617177	inf
norm	0.0010773924365646192	975.1061120276374	-26144.78812460587	inf
