	sumsquare_error	aic	bic	kl_div
invgamma	0.0004718663752360046	1518.2129239642538	-27643.17947929602	inf
lognorm	0.0005016622401954148	1473.200307209457	-27531.493728991798	inf
chi2	0.0005352900062812858	1455.8849974695074	-27413.1496853011	inf
beta	0.0005557841131513839	1441.4899788325683	-27337.110910217038	inf
gamma	0.0005593012823743363	1436.2259463846895	-27333.11324601917	inf
