	sumsquare_error	aic	bic	kl_div
lognorm	0.00039769565342874893	1794.6948756523425	-27955.09956571421	inf
gamma	0.0004003632119963503	1780.8294241196472	-27942.90586632948	inf
powerlognorm	0.00040072414412034796	1766.5590491825296	-27933.753462557757	inf
f	0.0004014466616203978	1767.8730035795313	-27930.46769781279	inf
chi	0.00040185993140270975	1764.089069729699	-27936.09973168403	inf
