	sumsquare_error	aic	bic	kl_div
invgamma	0.00044898676926980884	1216.1493231815773	-27733.836697001603	inf
chi2	0.0004529182154708046	1199.4666190313246	-27717.934792895045	inf
lognorm	0.0004763637931493165	1187.7042431926507	-27625.877030879896	inf
powerlognorm	0.0004773003141755572	1190.6692965885632	-27614.78581906339	inf
gamma	0.0004779749704939656	1187.7417018689043	-27619.718231969728	inf
