	sumsquare_error	aic	bic	kl_div
gamma	0.0002069968398493647	1598.0869020038201	-29146.141462713393	inf
invgamma	0.00020877044446425706	1664.2965173184928	-29130.57951465642	inf
beta	0.00021045418201368684	1586.5678890046765	-29108.419136860513	inf
chi	0.0002139805551706548	1609.16058801137	-29085.618186949992	inf
powernorm	0.00021605049303736445	1581.1396041506794	-29068.058544016138	inf
