	sumsquare_error	aic	bic	kl_div
rayleigh	0.0001465973782378489	inf	-29782.95509496748	inf
invgamma	0.00017254966779557207	2589.4107084494644	-29478.14302876981	inf
chi2	0.00019353313369920613	2489.06477848268	-29268.814209380685	inf
lognorm	0.00020594228917214364	2323.9035702945134	-29155.45762813149	inf
gamma	0.00020885997795372819	2318.7458171214707	-29129.7974399869	inf
