	sumsquare_error	aic	bic	kl_div
gamma	0.00016355320248055555	2013.0284186141703	-29575.81237270071	inf
lognorm	0.00016646477944333175	1992.4677507314043	-29543.627131495676	inf
beta	0.00016832317828494668	1989.5301097249583	-29515.868187617507	inf
powerlognorm	0.0001685053450961353	1982.111367459743	-29513.895241308397	inf
invgamma	0.00017170383629937347	2162.9532017833967	-29487.10618955263	inf
