	sumsquare_error	aic	bic	kl_div
gennorm	0.00024494629982386827	1324.5206892164524	-28839.097555570483	inf
loggamma	0.0002711582537264715	1285.8162281878203	-28653.66313019624	inf
norm	0.00027597400498830714	1295.705502632117	-28629.06210476582	inf
powernorm	0.0002786301963925267	1311.6806774935965	-28604.08164985978	inf
gamma	0.000278884118754276	1305.939983326809	-28602.42015200305	inf
