	sumsquare_error	aic	bic	kl_div
gennorm	0.00017888910715466852	1692.1239803111964	-29412.33132766414	inf
lognorm	0.00019123304413929366	2035.1093772727813	-29290.62180876955	inf
gamma	0.00019343267719707056	2031.6357729674937	-29269.76123187648	inf
invgamma	0.00019674407452623043	2206.6557441676855	-29238.80021883014	inf
beta	0.00019828069426611753	2000.870011091577	-29217.100885830445	inf
