	sumsquare_error	aic	bic	kl_div
gennorm	0.00036744445369430644	1304.608053511756	-28099.405074117865	inf
beta	0.00045140414696357014	1263.4545263848347	-27716.53370282969	inf
loggamma	0.0005170081712670532	1213.1032385813967	-27476.53366396681	inf
norm	0.0005213258874415255	1215.8998035822865	-27468.872844342895	inf
foldnorm	0.0005213264472964146	1217.9001584320122	-27461.36209836915	inf
