	sumsquare_error	aic	bic	kl_div
gennorm	0.0003186440347619978	1330.400303166937	-28359.320622790347	inf
norm	0.00034827216621767146	1404.1211499184976	-28204.65819067464	inf
powernorm	0.0003494284606400647	1406.6017854108209	-28191.103592804662	inf
lognorm	0.00034978739224015177	1434.3357192437531	-28189.23094848927	inf
gamma	0.00035023574079468613	1434.6180133572816	-28186.89448891615	inf
