	sumsquare_error	aic	bic	kl_div
gamma	0.00022871499114040242	1716.7603143876356	-28964.155289047118	inf
chi	0.00023318408577193892	1718.0696674887745	-28928.858041657208	inf
beta	0.00023325514560116055	1698.5300593007978	-28920.793498792005	inf
powernorm	0.00023571099531084555	1690.3263243112588	-28909.198515230735	inf
norm	0.00023573757910213283	1688.2390430766015	-28916.50160091879	inf
