	sumsquare_error	aic	bic	kl_div
gennorm	0.000286269945170614	1398.8253726798473	-28554.742836126996	inf
powernorm	0.00037251413791282293	1597.4170619647857	-28074.411111452424	inf
powerlognorm	0.0003740348450555176	1600.304031136818	-28059.471402191037	inf
dgamma	0.0003810273344467537	1361.0188475060024	-28033.195778941335	inf
loggamma	0.0003947887558385225	1609.4547309689135	-27968.480787912984	inf
