	sumsquare_error	aic	bic	kl_div
powernorm	0.00020951993955573716	1925.0553039090332	-29124.04300049247	inf
loggamma	0.0002139555435744639	1948.9265512284362	-29085.83140173434	inf
beta	0.0002160062918093791	1964.4589116417517	-29060.922962604345	inf
foldnorm	0.00023204269381474238	2027.7784742163547	-28937.808098697893	inf
norm	0.00023204508807947623	2025.7759417419563	-28945.29806555459	inf
