	sumsquare_error	aic	bic	kl_div
gennorm	0.0004920974066150876	1184.5803080959865	-27566.606435105172	inf
beta	0.0005440409987351047	1176.0995138401797	-27376.063020848702	inf
chi2	0.0005704597293402904	1163.1394607481052	-27297.08143235891	inf
powernorm	0.0005725382709368285	1155.4385873159767	-27290.447537898322	inf
chi	0.0005731351989379747	1154.622727461847	-27288.54682744068	inf
