	sumsquare_error	aic	bic	kl_div
dgamma	3.028611166314311e-05	1339.1128679595581	-149648.76481326646	0.020202410736705083
gennorm	4.238798403598363e-05	1337.2736019340048	-147049.45445386224	0.023372804433764934
rayleigh	7.676764477310438e-05	inf	-142466.23102848092	0.09246003171085525
foldcauchy	0.00011577262171356814	1262.3661708469438	-139280.62552178153	0.05311002793168437
cauchy	0.0001371813034387016	1316.4571607940031	-137977.64904060113	0.03655500581780243
