	sumsquare_error	aic	bic	kl_div
logistic	0.00025616290812001283	1534.5616125029135	-28764.93747269798	inf
gamma	0.0002600330816958849	1840.2116774481178	-28730.07733442258	inf
genlogistic	0.0002978853482120765	1534.1900387862022	-28482.19607237669	inf
norm	0.0003083488479664029	1866.5879065055854	-28426.73474270198	inf
gennorm	0.00035581028769256695	1606.6493151521327	-28158.091310587228	inf
