	sumsquare_error	aic	bic	kl_div
gengamma	0.00037211967928198593	1772.0967743881945	-28068.834797917378	inf
gamma	0.0004194931113978524	1664.5834548543169	-27857.770776314963	inf
logistic	0.00045451446858402867	1391.2641112923932	-27719.02642376779	inf
genlogistic	0.0005494783265225387	1390.9203110670032	-27365.43263591464	inf
gennorm	0.0005529030117965039	1455.63391555577	-27354.099631956145	inf
