	sumsquare_error	aic	bic	kl_div
logistic	0.0008254270829472504	1127.3496686912865	-26630.698188698807	inf
genlogistic	0.0008728715964093666	1128.90644408361	-26521.25054099909	inf
gennorm	0.0009117546734630239	1138.914076766444	-26441.756072634504	inf
gamma	0.0010747921511491713	1208.3405406971895	-26141.686880294437	inf
gengamma	0.0011367103730502578	1215.514131995796	-26032.013740686252	inf
