	sumsquare_error	aic	bic	kl_div
norm	0.00021273676079329288	1725.333513485123	-29103.760183903323	inf
gengamma	0.00021335926481490805	1744.7468712214047	-29083.413068449216	inf
gamma	0.00021342502639907381	1746.2242537605002	-29090.359749033752	inf
genlogistic	0.00024113965847588598	1447.5050596460958	-28867.66639466118	inf
logistic	0.00024194896953805113	1445.731291784357	-28869.06373696312	inf
