	sumsquare_error	aic	bic	kl_div
logistic	0.00018960272548809457	1560.915998945364	-29313.74740309211	inf
genlogistic	0.00022066256983828268	1559.6340509175102	-29029.53100008181	inf
gennorm	0.0003452946481562716	1530.4982377217082	-28212.81055163489	inf
norm	0.0005081055909767106	1940.5260210529038	-27515.724231829987	inf
gengamma	0.0005148958175766475	1946.771363554555	-27476.49250664301	inf
