	sumsquare_error	aic	bic	kl_div
logistic	0.00016746655735046752	1561.8022543832308	-29540.192061754038	inf
gamma	0.0001768162987415206	1989.3708547355523	-29433.589623318254	inf
gengamma	0.0001785362360725057	1989.468493151953	-29408.424059385063	inf
genlogistic	0.00018120891728370166	1564.7983522210957	-29388.82999233231	inf
gennorm	0.00018395202981538852	1679.903238683225	-29361.425466096745	inf
