	sumsquare_error	aic	bic	kl_div
gamma	0.00031860598920859125	1669.9429824333197	-28359.538418276843	inf
logistic	0.00033651611115512604	1427.8638812119445	-28267.291130182264	inf
genextreme	0.00034382283011194785	1844.2502284398802	-28220.60196682774	inf
norm	0.00036261514067340223	1651.005759305539	-28131.045577394085	inf
gennorm	0.0003816383108796374	1503.8876083042624	-28030.273341674594	inf
