	sumsquare_error	aic	bic	kl_div
norm	0.0005852142418930126	1204.062403971184	-27258.013600324506	inf
gamma	0.0005882955671259247	1207.8903144666656	-27240.926111556102	inf
gengamma	0.0005927228113608365	1210.4538059346337	-27219.74212430743	inf
gennorm	0.0006319242259961896	1172.0128638165445	-27110.43714316897	inf
logistic	0.0007282111103512207	1129.022662905908	-26859.263511564062	inf
