	sumsquare_error	aic	bic	kl_div
gamma	0.00018830588302573093	1764.6157113776765	-29318.757250762468	inf
norm	0.00019099175277814513	1732.218627848456	-29300.43351037561	inf
logistic	0.0002115785208767312	1453.293407314133	-29113.71803810385	inf
genlogistic	0.00021363283294262086	1455.5806318307248	-29088.58463047754	inf
gennorm	0.0002262707534082072	1535.7704654939323	-28983.7529690445	inf
