	sumsquare_error	aic	bic	kl_div
gamma	0.00019594479277834867	1721.7240264023812	-29246.22539454972	inf
gengamma	0.00019715367504374496	1726.6326953711418	-29227.498002455857	inf
norm	0.00020107942762007274	1704.4250337193034	-29206.552696681985	inf
logistic	0.00025237698230653034	1444.5652461147238	-28792.096232096348	inf
genlogistic	0.00025866674103847945	1447.2576385127222	-28739.68678873208	inf
