	sumsquare_error	aic	bic	kl_div
logistic	0.00047947935059881034	1336.9553493694445	-27621.4951706148	inf
genlogistic	0.0005632496783163454	1338.5040918775233	-27320.281928510314	inf
gennorm	0.0006185885590282482	1355.1495297448316	-27149.34146944212	inf
gamma	0.0006400028188483916	1576.672040658214	-27087.266708082447	inf
gengamma	0.0006862162988913226	1559.1493645414494	-26952.5880905389	inf
