	sumsquare_error	aic	bic	kl_div
logistic	0.00012510738145568782	1646.9088086049517	-30072.090988224892	inf
genlogistic	0.00013211754892143674	1648.764729574591	-29965.138399099334	inf
gennorm	0.00018363898222218718	1666.6677808852648	-29364.532173983178	inf
gamma	0.00024424830805022804	2160.6120706952215	-28844.302591924457	inf
norm	0.00025044390004216844	2117.425109097013	-28806.120945648443	inf
