	sumsquare_error	aic	bic	kl_div
gennorm	0.0005340144865603403	1234.4008311952534	-27417.501203675998	inf
logistic	0.0005827532777402403	1225.9315195219747	-27265.70012444803	inf
genlogistic	0.0006158955108390648	1227.2961115782555	-27157.299656686944	inf
gamma	0.0008899485238173773	1357.8703335923499	-26485.910247745476	inf
norm	0.0009472045695194146	1353.140876947944	-26379.689961458676	inf
