	sumsquare_error	aic	bic	kl_div
logistic	0.000706120734844536	1173.2290148751185	-26915.451389253	inf
genlogistic	0.000751310857745046	1175.1868585995678	-26794.79394347743	inf
gennorm	0.000757293598188781	1192.6475262224099	-26780.32683019995	inf
gamma	0.0008660353672731294	1294.2615777146302	-26535.592131946516	inf
gengamma	0.000914234210330819	1277.2619593899392	-26429.293610152006	inf
