	sumsquare_error	aic	bic	kl_div
logistic	0.000299810930498944	1631.2374311317335	-28477.95215380733	inf
genlogistic	0.0003499022556242723	1632.2606285207846	-28188.632080647913	inf
gennorm	0.00043208144768721007	1623.221858145516	-27803.84056467353	inf
gamma	0.00045739988258041407	2112.5248747822957	-27699.974858074922	inf
gengamma	0.0004738571895394697	2065.5248770127273	-27627.991385426216	inf
