	sumsquare_error	aic	bic	kl_div
gamma	0.0003545083914334347	1548.1141815265944	-28164.777496676637	inf
gengamma	0.00036496396210118116	1555.6605612534431	-28104.251234998	inf
genextreme	0.0003683957432556549	1630.404185005328	-28094.68896011987	inf
logistic	0.0004126508705416454	1359.2079130594443	-27895.275643154357	inf
gennorm	0.0004794415504156541	1442.997127608769	-27614.130185782895	inf
