	sumsquare_error	aic	bic	kl_div
logistic	0.0003136091343386082	1471.3848164964913	-28395.880596919542	inf
genlogistic	0.0003247974544548334	1473.95818545725	-28324.43266517118	inf
gennorm	0.00037990883930946067	1506.4150654471596	-28038.557954298696	inf
gamma	0.0003905325278675231	1820.9310348112901	-27988.25215026812	inf
gengamma	0.00039198448375985087	1808.2344270406793	-27973.97451194772	inf
