	sumsquare_error	aic	bic	kl_div
norm	0.0002956057363767811	1568.7443557040522	-28503.71697377806	inf
gamma	0.00031391593069219834	1618.9400840238343	-28386.588306189555	inf
gengamma	0.00036924507908520814	1694.8150760473686	-28082.979783841663	inf
genlogistic	0.00040415840671477964	1358.607062955613	-27925.69691543269	inf
gennorm	0.000410677229912781	1432.4569321877075	-27896.511674484453	inf
