	sumsquare_error	aic	bic	kl_div
gengamma	0.00012178640031873029	1647.3359827267325	-30106.14581188047	inf
norm	0.0001233677589062499	1657.300748975241	-30097.631759600154	inf
gamma	0.00013567806327497732	1713.2608993532956	-29916.633041992027	inf
genlogistic	0.00013816527014718502	1427.0032607977103	-29883.49884052888	inf
gennorm	0.00014386859515859102	1511.2211690549937	-29809.71845825052	inf
