	sumsquare_error	aic	bic	kl_div
gamma	0.000384529977422217	1560.7725292474652	-28016.505022368798	inf
gengamma	0.00039304328503695095	1811.2384588827701	-27969.054291855515	inf
logistic	0.0003937224637406264	1355.6742363496567	-27980.92271471134	inf
genlogistic	0.0004296882426792606	1357.2409589972635	-27813.971385483565	inf
norm	0.00043211216959439247	1539.9365793173936	-27811.219666186684	inf
