	sumsquare_error	aic	bic	kl_div
logistic	0.00030848887247578703	1556.7256062542479	-28425.90663280844	inf
genlogistic	0.0003321769207063304	1558.7835641988206	-28283.454772944602	inf
gennorm	0.00039608423545507855	1569.8088491138603	-27962.505221772743	inf
gengamma	0.0006318508626143563	2089.3622093951894	-27103.140125971997	inf
gamma	0.0006460694986731361	2061.4605012021634	-27070.05817955955	inf
