	sumsquare_error	aic	bic	kl_div
norm	0.00027862783334086614	1657.9873759870234	-28611.605906367775	inf
gengamma	0.0002787503097516205	1636.4665581166391	-28595.786732682936	inf
gamma	0.0002806242234130154	1689.439574794423	-28591.07461560363	inf
gennorm	0.0002817726439665467	1654.5429073020716	-28583.625349355276	inf
genlogistic	0.00045128794620868365	1400.9562079451077	-27724.51208573443	inf
