	sumsquare_error	aic	bic	kl_div
logistic	0.00018921136662084572	1637.3080105998613	-29317.51621128958	inf
genlogistic	0.0001966349332727403	1639.3960475994306	-29239.81234020686	inf
gamma	0.00025471945982986395	2151.786431904146	-28767.735781063857	inf
norm	0.00025901577410177094	2116.4303801181054	-28744.736012810314	inf
gennorm	0.00027472798911504676	1693.203769397818	-28629.807280193723	inf
