	sumsquare_error	aic	bic	kl_div
logistic	0.0002193133519440803	1660.669681291266	-29048.226677404615	inf
genlogistic	0.00026553732469294933	1661.9672491654921	-28691.8708213212	inf
gennorm	0.0003358697426017418	1652.2386732084915	-28263.289188368213	inf
gamma	0.00038257716176162134	2208.840168849515	-28025.791713307837	inf
norm	0.0004082757507181834	2120.6309821434065	-27914.71780499412	inf
