	sumsquare_error	aic	bic	kl_div
norm	0.00013423455075887089	1860.1791321811252	-29943.651787538216	inf
gengamma	0.0001370604123836719	1874.1603561439015	-29890.634554319353	inf
gamma	0.00015543213216925655	1909.3991920038602	-29668.707137861587	inf
gennorm	0.00018236506303429838	1674.9168893074007	-29377.229508956556	inf
genlogistic	0.00020757994119034433	1495.8157257947187	-29141.010555263074	inf
