	sumsquare_error	aic	bic	kl_div
gamma	0.00013201889653161636	2104.935199815646	-29966.500891633004	inf
logistic	0.00015165313945681062	1610.1575350882163	-29721.110495521763	inf
norm	0.0001534446263524534	2041.5802162681764	-29699.689757519	inf
genlogistic	0.00016613237568131772	1612.1485068884658	-29547.27301153066	inf
gennorm	0.00020229160828826414	1713.4663430500539	-29188.081177943004	inf
