	sumsquare_error	aic	bic	kl_div
gamma	0.0007543630398643285	1324.3567888890454	-26787.398998502944	inf
gengamma	0.0007684539650584353	1320.610526156071	-26746.133586533007	inf
norm	0.00082578151825605	1279.1809586710947	-26629.91513801374	inf
gennorm	0.000840131449003305	1265.7543432658058	-26590.98223494991	inf
logistic	0.0009950426902108748	1157.0142879681725	-26289.820473488177	inf
