	sumsquare_error	aic	bic	kl_div
logistic	0.0002991170611202913	1599.631414951767	-28482.178432527297	inf
genlogistic	0.0003127926149283081	1601.7482895765547	-28393.12700798919	inf
gamma	0.00036440619839308414	2062.991453419614	-28114.549720066876	inf
norm	0.00037243781142935794	2037.1576652043498	-28082.2936663713	inf
gennorm	0.0004067367417663342	1640.5939944948739	-27914.097637790965	inf
