	sumsquare_error	aic	bic	kl_div
gamma	0.00018205674089535992	1774.7237922113557	-29380.315930842113	inf
gengamma	0.000184755106076562	1759.5484249228828	-29345.971004572784	inf
logistic	0.0001919288222532115	1448.0801681766586	-29291.50623800674	inf
norm	0.00019334749999412864	1729.7003944297173	-29278.0733860749	inf
genlogistic	0.00019886379783807192	1450.4597889653392	-29219.253528319958	inf
