	sumsquare_error	aic	bic	kl_div
logistic	0.0002898054283303711	1770.1765153739887	-28539.862878540465	inf
genlogistic	0.0003370578425998558	1770.8484576989576	-28256.84838642756	inf
gamma	0.0004962058893408705	2541.987236379132	-27551.44122075955	inf
gengamma	0.0005156963858920641	2466.1831086501015	-27473.658724481418	inf
norm	0.0005209972985148354	2388.547779351898	-27470.022864279537	inf
