	sumsquare_error	aic	bic	kl_div
logistic	0.00044353319599044433	1479.8325327321834	-27763.636170876885	inf
genlogistic	0.00045941634324151283	1479.1025632413455	-27691.95137403744	inf
gennorm	0.0006694864701603687	1408.0555349771826	-27005.116711607017	inf
norm	0.001155466829860026	1754.6745874949195	-26017.179747882405	inf
gamma	0.0013063155840242213	1813.0067140755677	-25785.854853143494	inf
