	sumsquare_error	aic	bic	kl_div
logistic	0.00018963131113976188	1650.0246830805295	-29313.472426567307	inf
genlogistic	0.00019149922273886872	1652.6990997691664	-29288.084735802793	inf
gengamma	0.00020938379379675868	2267.1882638985385	-29117.719831177914	inf
gamma	0.00021285024039027891	2247.96511913099	-29095.278684740864	inf
norm	0.00021327565526829074	2192.7202438538607	-29099.145557617205	inf
