	sumsquare_error	aic	bic	kl_div
logistic	0.000367394065390927	1416.3900684176065	-28107.164006764335	inf
genlogistic	0.00041970435949982966	1418.044467185716	-27856.852478632933	inf
gamma	0.00046370800978662747	1700.767777762576	-27674.991457096672	inf
norm	0.0005241849735154873	1645.6090524817535	-27458.896886764156	inf
gennorm	0.0005260954758121066	1435.6722462878122	-27444.75223384004	inf
