	sumsquare_error	aic	bic	kl_div
logistic	0.00018626502725355016	1517.3864594295358	-29346.142422686713	inf
genlogistic	0.00021050460886746329	1520.114989440198	-29115.490928373994	inf
gamma	0.00021322456623153432	1909.8079598722054	-29092.073752182063	inf
gennorm	0.00021699918787343122	1590.525307215505	-29060.06674896103	inf
gengamma	0.00022179326255923582	1888.674179404886	-29012.699754661026	inf
