	sumsquare_error	aic	bic	kl_div
gamma	0.00023243768094240587	1600.523617005405	-28934.705893594386	inf
logistic	0.0002430477571515745	1400.7634297501822	-28860.798971756332	inf
genextreme	0.0002592777138260551	1704.4829636265833	-28735.38356713769	inf
gennorm	0.0002816370964038849	1467.492674739469	-28584.50300105829	inf
norm	0.00028281476800185595	1594.7431208163234	-28584.4005949738	inf
