	sumsquare_error	aic	bic	kl_div
norm	0.0001761398849902654	1589.0090017116866	-29448.089534314357	inf
gengamma	0.0001780659236270137	1598.2588160884015	-29413.23530561357	inf
gamma	0.0001814124246206608	1604.0378977106802	-29386.782691863813	inf
gennorm	0.00022134701907217808	1501.568241779731	-29023.882089145056	inf
logistic	0.0002733142904380832	1381.1245039865528	-28646.72626144007	inf
