	sumsquare_error	aic	bic	kl_div
logistic	0.0003076727972029979	1348.8660318134341	-28430.738228933904	inf
gengamma	0.0003282003466775262	1583.5067910957448	-28297.913303723253	inf
gamma	0.00033845173869204636	1558.6146518254182	-28249.32082456576	inf
genlogistic	0.00036683725636501386	1350.2869819651332	-28102.421704291006	inf
genextreme	0.00040086634821131275	1704.1079611895202	-27940.61508570356	inf
