	sumsquare_error	aic	bic	kl_div
gamma	0.0003998554254892317	1782.2823481471105	-27945.22074046491	inf
norm	0.0004045286656968237	1738.7315199255472	-27931.53545844219	inf
gennorm	0.0004289828530827961	1567.3516311765318	-27816.96818115941	inf
genlogistic	0.0004593403889035357	1417.9907136032848	-27692.2529570527	inf
logistic	0.0004809697453736587	1426.9747113679437	-27615.83431412017	inf
