	sumsquare_error	aic	bic	kl_div
logistic	0.000306865249877818	1413.9148342443884	-28435.531966851217	inf
genlogistic	0.00033408515065005485	1416.1508527079325	-28273.006569199693	inf
gennorm	0.0004133062562786185	1435.8864811693818	-27884.872217033808	inf
gengamma	0.00046082633492122217	1786.113051169278	-27678.85313335116	inf
gamma	0.0004747858287743194	1753.3474954643307	-27631.929095863627	inf
