	sumsquare_error	aic	bic	kl_div
logistic	0.000189932468927857	1335.816330528888	-29310.5779885329	inf
gennorm	0.00019285120463328318	1376.434936209223	-29275.252565102233	inf
genlogistic	0.00020062251379384313	1337.7741150282702	-29203.19331031099	inf
gengamma	0.00021979260804388194	1532.300691926632	-29029.22754256176	inf
gamma	0.00022412036333095112	1509.9731926472282	-29001.170458686825	inf
