	sumsquare_error	aic	bic	kl_div
gennorm	0.0003186440347619978	1330.400303166937	-28359.320622790347	inf
genlogistic	0.0003305566345335555	1294.0192955068892	-28292.37361474534	inf
logistic	0.00033695242746163397	1298.5084831681622	-28264.92772043472	inf
gengamma	0.00034672325618410584	1414.9004285691253	-28197.77078953371	inf
norm	0.00034827216621767146	1404.1211499184976	-28204.65819067464	inf
