	sumsquare_error	aic	bic	kl_div
gamma	0.000730622853027788	1472.6368175219743	-26845.723849379414	inf
gengamma	0.0007503962113722993	1471.3539848136363	-26789.507047945313	inf
logistic	0.0008981600361630934	1213.8887378922416	-26476.666244683252	inf
norm	0.0009426785411046274	1357.7576675686562	-26388.42647173815	inf
gennorm	0.0009553405436686268	1309.4847859498589	-26356.580905776686	inf
