	sumsquare_error	aic	bic	kl_div
norm	0.0006402972437612659	1203.37199702837	-27093.936580898186	inf
gengamma	0.0006469205427656826	1231.2836771096952	-27060.14828395154	inf
gamma	0.0006486377929838835	1226.6511844772965	-27062.821679081608	inf
gennorm	0.0006930773662677841	1186.3881995883912	-26941.950357599093	inf
logistic	0.0008725150488081309	1131.6135447775653	-26529.504541656355	inf
