	sumsquare_error	aic	bic	kl_div
logistic	0.0001249416341993301	1736.1523163229715	-30074.509098442868	inf
genlogistic	0.00014331650228830515	1737.3883828073479	-29816.73148674617	inf
gennorm	0.00025858447338246	1721.9280290255745	-28740.266995028986	inf
gamma	0.0002798417474459213	2409.607652877942	-28596.167653059903	inf
norm	0.0002975899772882988	2304.042631097777	-28491.514360583165	inf
