	sumsquare_error	aic	bic	kl_div
gennorm	0.0003870788682262326	1208.9191393751655	-28004.454373225504	inf
gengamma	0.0005396906984773725	1147.6818346332852	-27390.70684885769	inf
norm	0.0005432622461242946	1143.5515396090266	-27393.693380559125	inf
gamma	0.0005533699569216183	1147.6702613962348	-27352.55985292715	inf
genlogistic	0.0007230266010862584	1117.0615016877389	-26864.787165674432	inf
