	sumsquare_error	aic	bic	kl_div
norm	0.00010819867383012875	1790.3929015493197	-30336.941826558665	inf
gamma	0.0001177042942945254	1837.769814705186	-30175.840585848873	inf
gengamma	0.00012539553012669784	1922.9726476600677	-30052.87718794429	inf
gennorm	0.00014867906275796053	1616.148332716239	-29749.72765947151	inf
logistic	0.00015155851593903787	1490.8152727487081	-29722.248930004404	inf
