	sumsquare_error	aic	bic	kl_div
norm	0.000410295179842641	1377.012839492727	-27905.718105497825	inf
gennorm	0.0004235617931024906	1315.1461610829501	-27840.1649643856	inf
logistic	0.0004458926506443403	1248.2162402164793	-27753.95879214919	inf
genlogistic	0.00046589513748814063	1249.5015013058467	-27666.40859396808	inf
gengamma	0.00047872978493547534	1396.4909955084142	-27609.331269857084	inf
