	sumsquare_error	aic	bic	kl_div
norm	0.0002715510121538675	1767.6267288370354	-28658.531861109583	inf
gengamma	0.00027434351976483943	1783.1409871731423	-28624.85288602309	inf
gamma	0.0002837535454557847	1802.125156203687	-28570.847235234032	inf
gennorm	0.0003097805534972686	1651.9503925774	-28410.77647698523	inf
logistic	0.0003734334543040337	1454.854922571465	-28077.424049413232	inf
