	sumsquare_error	aic	bic	kl_div
logistic	0.00029143762439368234	1552.8250918047977	-28529.618856075384	inf
genlogistic	0.0003224012938470735	1554.384853076171	-28337.938924044804	inf
gamma	0.0004410233523057313	1962.8503797494373	-27766.47825878661	inf
gennorm	0.0004522812091141617	1540.9704679245026	-27720.50196153161	inf
norm	0.0004712994006482568	1873.5704966734068	-27652.88122511521	inf
