	sumsquare_error	aic	bic	kl_div
logistic	0.00039195347407888266	1103.021899041512	-27989.136387652507	inf
genlogistic	0.00039268148094014906	1105.1440821935946	-27978.24288026899	inf
gennorm	0.00039606674468132457	1108.477875158164	-27962.58576998169	inf
gamma	0.00042884457383033996	1111.3778538643112	-27817.55622801068	inf
norm	0.0004290530828795979	1109.302835761938	-27824.17838141944	inf
