	sumsquare_error	aic	bic	kl_div
norm	0.00037306417410106233	1385.0545352779654	-28079.228655669256	inf
gamma	0.0003770896255204099	1406.1926806693773	-28052.143899222185	inf
gennorm	0.00038792436454178163	1364.490262165447	-28000.474555268138	inf
gengamma	0.00040008112279096814	1450.8956923682617	-27936.682691935544	inf
genlogistic	0.0005257872325349661	1246.092275029035	-27445.821242293434	inf
