	sumsquare_error	aic	bic	kl_div
logistic	0.0004979176793522686	1327.623421767037	-27552.668478822598	inf
genlogistic	0.0005193249232511424	1329.861002412474	-27468.378443061716	inf
gennorm	0.0005327394579864828	1360.1291845267588	-27421.86144670689	inf
gamma	0.0006023432721630083	1546.2295461849753	-27197.88333119224	inf
gengamma	0.0006092952243158457	1541.7367906703184	-27169.443383589456	inf
