	sumsquare_error	aic	bic	kl_div
logistic	0.0002681448152936775	1520.445929321294	-28681.55588779841	inf
genlogistic	0.00030911248793477424	1521.0131464982571	-28414.71432077311	inf
gengamma	0.00034195677897784965	2115.666659695694	-28223.019650564132	inf
gamma	0.00036910346136260716	1822.214880244162	-28091.188269637114	inf
gennorm	0.00037093573257418694	1522.1596965794884	-28082.15612770077	inf
