	sumsquare_error	aic	bic	kl_div
logistic	0.00027639604429874456	1344.2563328089873	-28626.274843389037	inf
genlogistic	0.0002885114389326035	1345.456611308881	-28540.516539100296	inf
norm	0.0002895875034194374	1504.8865543990617	-28541.234987292595	inf
gengamma	0.0003066192288877356	1519.5618543684782	-28421.977322137343	inf
gamma	0.0003400052087882735	1530.3663169875608	-28240.96794552779	inf
