	sumsquare_error	aic	bic	kl_div
logistic	0.00023531173816945407	1477.604378527249	-28919.79948945965	inf
genlogistic	0.0002730411775878367	1479.2831667588387	-28641.041041194258	inf
gengamma	0.00031677916234757847	1872.9084605622813	-28362.518202858446	inf
gennorm	0.00032193585447669787	1485.9216315553897	-28340.57407106817	inf
gamma	0.00033124218013611586	1753.642787903276	-28288.594715180654	inf
