	sumsquare_error	aic	bic	kl_div
gamma	0.00032754522926943606	1797.5008243330653	-28309.066597524925	inf
logistic	0.0003317167995173647	1469.236911876307	-28293.491859924332	inf
gengamma	0.00033541200150808185	1775.9257964360634	-28258.267940570036	inf
norm	0.00034110810874089765	1755.6554069528088	-28242.56966490211	inf
genlogistic	0.00034692681569103745	1472.0483472243798	-28204.20902956147	inf
