	sumsquare_error	aic	bic	kl_div
logistic	0.000267891426710549	1512.274686641966	-28683.28032646071	inf
genlogistic	0.0002968447265664658	1514.5209851358009	-28488.57912209672	inf
gennorm	0.0003131348481839788	1535.253131246916	-28391.13242057344	inf
gamma	0.0005435900534053858	2006.2346965269076	-27385.084314170977	inf
norm	0.000574440656272611	1916.9074927112194	-27291.905727360372	inf
