	sumsquare_error	aic	bic	kl_div
gengamma	0.000436606943097436	1680.4075258858693	-27777.32708400909	inf
logistic	0.0004587264534825675	1386.340926705761	-27702.201258043184	inf
gamma	0.0004959669832370705	1625.7390080826735	-27552.3196256299	inf
genlogistic	0.0005534957204330925	1386.5196320866182	-27352.14536244179	inf
genextreme	0.000561980022501713	1786.897089274584	-27324.39816039975	inf
