	sumsquare_error	aic	bic	kl_div
norm	0.00018241014555343515	2083.395850406912	-29384.287440293858	inf
gengamma	0.0001844848037750162	2103.8462908835445	-29348.641525678097	inf
logistic	0.00021049093388293246	1572.517017091957	-29123.118211677054	inf
genlogistic	0.0002153495091543659	1574.62769315876	-29073.986201509844	inf
gennorm	0.00021827733343141912	1745.946184859624	-29049.354734486085	inf
