	sumsquare_error	aic	bic	kl_div
logistic	0.00016757826712834826	1617.2725861138322	-29538.975754994353	inf
genlogistic	0.00019559038298392391	1619.5699336576374	-29249.527491942772	inf
gamma	0.0002511201406220622	2147.621601786296	-28793.69368958799	inf
gennorm	0.0002639185956932701	1640.7753862324182	-28703.0240477989	inf
norm	0.00027469286013391173	2042.0959037286864	-28637.54931392486	inf
