	sumsquare_error	aic	bic	kl_div
logistic	0.00016180527356066867	1630.7472920636033	-29602.919561374823	inf
genlogistic	0.00017979815261925586	1632.2533113861348	-29403.085933899845	inf
gamma	0.00019977905632020135	2127.2243413700603	-29210.877939055685	inf
gennorm	0.00022086431245297412	1699.4913612979565	-29027.864154552968	inf
norm	0.000222168738037421	2077.1510011618993	-29024.632076505106	inf
