	sumsquare_error	aic	bic	kl_div
logistic	0.0005244338277928714	1133.9831632062164	-27458.03115708259	inf
genlogistic	0.0005876542725270488	1135.3927894744531	-27242.9155186292	inf
gennorm	0.0005992085012069695	1143.1049336937717	-27207.400749123717	inf
gamma	0.0007459178858829	1216.5460917465762	-26807.93398404925	inf
gengamma	0.0007506396292912738	1219.2651152710594	-26788.915464085592	inf
