	sumsquare_error	aic	bic	kl_div
gamma	0.00014661603332193407	1670.6002994094015	-29775.214211500595	inf
norm	0.00014669483456590055	1667.1298211180851	-29781.742922661855	inf
gengamma	0.000148673165554216	1674.8652229893698	-29742.291220839794	inf
logistic	0.0001653817013270075	1432.3666767041937	-29563.04227665645	inf
genlogistic	0.00016551791690922276	1434.6826667539196	-29554.031781884467	inf
