	sumsquare_error	aic	bic	kl_div
logistic	0.00035417673263650153	1329.8313035389099	-28173.99351790433	inf
gamma	0.0004162385140617348	1504.3206033314284	-27871.977287999358	inf
genlogistic	0.00043009643419303427	1330.6337197280593	-27812.239460276964	inf
gengamma	0.0004419248140313338	1633.8327354957091	-27755.2449794623	inf
gennorm	0.0004943604912459037	1346.1789409338007	-27558.237352922504	inf
