	sumsquare_error	aic	bic	kl_div
logistic	0.00029603576086714175	1401.8547867758743	-28501.065486983458	inf
genlogistic	0.00030113192300873417	1404.4158857688558	-28462.424320550177	inf
gamma	0.0003185365290442655	1696.2756626451298	-28359.936116865785	inf
norm	0.000326672914042591	1648.0479913487632	-28321.439523463217	inf
gennorm	0.00033252430464093607	1463.2516686403985	-28281.548267193615	inf
