	sumsquare_error	aic	bic	kl_div
logistic	0.0002604425102488421	1551.0516475213617	-28734.716446833467	inf
genlogistic	0.00030338814958162007	1551.7465457870155	-28448.808969913003	inf
gennorm	0.00033739074456589605	1518.3528904900963	-28255.047765158793	inf
gamma	0.00046623717447136036	1902.7172987577385	-27665.069995407794	inf
gengamma	0.0004985696903415346	1872.825322707294	-27535.26398368272	inf
