	sumsquare_error	aic	bic	kl_div
gamma	0.00029245267666394115	1205.146197993705	-28515.768270787124	inf
gennorm	0.00029457342317890057	1205.9972780239682	-28502.589100479956	inf
norm	0.0002950212257111341	1200.7610355106626	-28507.32719772866	inf
logistic	0.00038725921786432016	1145.692334833989	-28011.113511510906	inf
genlogistic	0.0003897638784883576	1148.4991193718565	-27991.845699872265	inf
