	sumsquare_error	aic	bic	kl_div
gengamma	0.00025022467308028444	2225.8856467356595	-28792.70071544059	inf
norm	0.00025496904605083504	2254.960070282494	-28773.458201470534	inf
logistic	0.0002740648515245058	1625.995189790708	-28641.724155314056	inf
genlogistic	0.00027889509378647834	1628.0050137114918	-28602.34837285356	inf
gennorm	0.000283899414606718	1835.7900929508303	-28569.90981270344	inf
