	sumsquare_error	aic	bic	kl_div
gamma	0.0006254479850818584	1429.4547322482522	-27129.226755002415	inf
gengamma	0.0006387166614967523	1427.9448079123022	-27083.42714131012	inf
norm	0.0007411647821367157	1364.2691868090415	-26827.102769608664	inf
gennorm	0.00075454429376806	1355.1980456295046	-26786.960791179503	inf
logistic	0.0008724526108118599	1233.4407327257163	-26529.635073479818	inf
