	sumsquare_error	aic	bic	kl_div
gamma	0.0005851428390394052	1342.6143027867424	-27250.72737566452	inf
gennorm	0.00059624349501927	1331.1599031686696	-27216.448678096327	inf
norm	0.000600582435451378	1324.8525347742243	-27210.732046565638	inf
logistic	0.0008297495619420647	1194.4291726574793	-26621.171447690132	inf
genlogistic	0.0008446160560259159	1197.9437848076782	-26581.27164923317	inf
