	sumsquare_error	aic	bic	kl_div
logistic	0.0003524550014605098	1686.4289227522897	-28182.882006003852	inf
genlogistic	0.0004149262850124485	1687.4127269336814	-27877.736694021405	inf
gamma	0.0005327414115266659	2352.0004207940246	-27421.854758163914	inf
norm	0.0005720290316937849	2192.3970569680578	-27299.579388105034	inf
gennorm	0.0006216912794244111	1660.665330061723	-27140.215506682915	inf
