	sumsquare_error	aic	bic	kl_div
norm	4.205326601941623e-05	1351.5280408682104	-208948.36795548256	inf
genlogistic	4.276202180340598e-05	1296.9006753503809	-208758.71130694283	inf
gennorm	4.309634795948254e-05	1365.3678184474525	-208674.66437890593	inf
logistic	5.7399795840324635e-05	1298.1985320498834	-205590.9368982012	inf
gamma	5.772601168631423e-05	1358.4952617873025	-205520.49062204958	inf
