	sumsquare_error	aic	bic	kl_div
genlogistic	1.7634335912217795e-05	1313.517217183985	-218190.90147534173	inf
gennorm	1.9576153169706374e-05	1334.599655334358	-217064.1501302157	inf
logistic	1.9909475382875743e-05	1311.5258696083151	-216891.3294325906	inf
norm	2.8266569534593887e-05	1345.82935535911	-213111.00847417265	inf
gamma	3.482673322567161e-05	1346.3265167502814	-210850.6252687391	inf
