	sumsquare_error	aic	bic	kl_div
gennorm	1.3573324639549452e-05	1649.5609305519572	-221164.49907362752	inf
norm	1.766109403965264e-05	1735.6395635566214	-218332.44536693496	inf
gamma	1.9732932077791865e-05	1730.1357093383835	-217125.94760961784	inf
genlogistic	2.605027309312371e-05	1495.0769689500648	-214128.30699452548	inf
logistic	2.6225597594130302e-05	1493.079196213352	-214065.1975531898	inf
