	sumsquare_error	aic	bic	kl_div
norm	1.4309212544556477e-05	1748.0805129558146	-220603.94640348403	inf
gamma	1.442638109726633e-05	1746.99364878193	-220506.6429714096	inf
gennorm	1.4928846541197686e-05	1656.4574133971767	-220137.1251927407	inf
genlogistic	3.0819658628481585e-05	1494.651219324488	-212313.73924480117	inf
logistic	3.147133751091167e-05	1492.2834483105603	-212097.1882250134	inf
