	sumsquare_error	aic	bic	kl_div
genlogistic	2.580875776942242e-05	1315.9274626995934	-214166.28387887203	inf
logistic	4.581491846022472e-05	1306.5318028325073	-207983.23364508187	inf
norm	4.701461822135383e-05	1347.196685640218	-207704.32497780467	inf
gennorm	4.905391558916532e-05	1354.1720920382327	-207236.87975132855	inf
gamma	6.311434512547526e-05	1342.890883367086	-204517.49685545353	inf
