	sumsquare_error	aic	bic	kl_div
gamma	5.136067034317045e-05	1317.6677009696177	-206821.7018015184	inf
gengamma	5.234114030760955e-05	1324.937605111556	-206608.30081527142	inf
gennorm	5.265405093185922e-05	1306.1624611311054	-206553.2499996454	inf
norm	5.340431249031221e-05	1315.752330860975	-206409.8197301054	inf
genlogistic	0.00010134632545909731	1231.27960423656	-199485.33405146364	inf
