	sumsquare_error	aic	bic	kl_div
gamma	1.718561737501746e-05	1396.8163034473746	-218638.97166593937	inf
gennorm	1.7201542733839655e-05	1385.111082370476	-218628.9738449578	inf
gengamma	1.722334747410808e-05	1397.130384564511	-218606.01324893814	inf
norm	1.8257429105257767e-05	1395.918082568589	-217995.22965206337	inf
genlogistic	4.3967348757967155e-05	1296.9541520900104	-208499.3638539376	inf
