	sumsquare_error	aic	bic	kl_div
gennorm	1.4406010705889414e-05	1530.8096350145474	-220457.59140918165	inf
genlogistic	1.650599877167765e-05	1449.5305561638384	-218989.30604362758	inf
logistic	1.651145387729947e-05	1447.2708239681695	-218995.02699582776	inf
norm	2.0194260408586693e-05	1628.9079300484689	-216822.52403400792	inf
gamma	2.161777399703679e-05	1645.0810353118795	-216078.25068951328	inf
