	sumsquare_error	aic	bic	kl_div
genlogistic	1.5513308834742816e-05	1396.649563635378	-219615.8424914414	inf
logistic	1.5556481298105654e-05	1394.0078632403736	-219595.14812235648	inf
gennorm	1.628232820597821e-05	1421.273977824823	-219093.89671450312	inf
norm	3.5586388349654065e-05	1489.8306452590405	-210668.23067016242	inf
gamma	3.5628801330551805e-05	1492.0181987885933	-210646.09465745374	inf
