	sumsquare_error	aic	bic	kl_div
gennorm	2.189511784237966e-05	1382.2325540037575	-215940.70154072356	inf
logistic	2.5316279573235814e-05	1340.9858962807218	-214383.45290326927	inf
genlogistic	2.5810564947118982e-05	1343.7270931107337	-214165.52836925557	inf
norm	3.233666223281859e-05	1437.3596621233196	-211742.55735121018	inf
gamma	3.3339325519538706e-05	1439.8328729935936	-211403.78746536563	inf
