	sumsquare_error	aic	bic	kl_div
logistic	1.699031559549164e-05	1491.1628479872475	-218771.62653494507	inf
genlogistic	1.6997787245019533e-05	1493.319601806291	-218757.59407061903	inf
gennorm	1.801463945259953e-05	1565.8564669584914	-218130.44586716717	inf
norm	3.06049254602438e-05	1706.1547691559679	-212419.16920253276	inf
gamma	3.131917037872357e-05	1714.2352788873734	-212160.8710999269	inf
