	sumsquare_error	aic	bic	kl_div
genlogistic	1.8824602514072662e-05	1290.0100509520726	-217444.06301817257	inf
logistic	2.2825675921092696e-05	1288.186304499971	-215375.0414690339	inf
gennorm	2.5103738916778147e-05	1305.7615648158703	-214339.86557061583	inf
norm	3.315030386006245e-05	1311.3150137315888	-211350.82101195343	inf
gamma	4.134769465580317e-05	1312.215452925243	-208958.650950237	inf
