	sumsquare_error	aic	bic	kl_div
gamma	1.2179623697075422e-05	2318.4017495989547	-222355.43727199588	inf
norm	1.3511488122805679e-05	2351.7909496060024	-221244.56664031115	inf
gennorm	1.5595008186405467e-05	2175.8833246532595	-219687.30610094394	inf
genlogistic	3.78264413455245e-05	1721.2759232042754	-210123.20155838717	inf
logistic	4.217499985161611e-05	1714.2260696040064	-208957.89320805075	inf
