	sumsquare_error	aic	bic	kl_div
gamma	3.896532954668897e-05	1575.041753443694	-209803.00941979385	inf
gennorm	3.950563845552078e-05	1561.632236541188	-209654.36370587503	inf
gengamma	3.951138597978993e-05	1565.3246186314539	-209643.50669661124	inf
norm	4.120820493814543e-05	1543.3319405010013	-209208.20865215245	inf
genlogistic	0.00012275033106513397	1360.6670632137916	-197417.1081520646	inf
