	sumsquare_error	aic	bic	kl_div
gamma	2.3579899994717822e-05	1547.5949938646343	-215224.59395045403	inf
gennorm	2.363442943960796e-05	1515.7769283408304	-215199.6612193574	inf
gengamma	2.3780648238604738e-05	1554.7459253486577	-215123.80110514918	inf
norm	2.4912071674525677e-05	1554.7837861091148	-214640.66579060655	inf
genlogistic	5.11927669796759e-05	1371.1581568230793	-206857.04631209196	inf
