	sumsquare_error	aic	bic	kl_div
gamma	1.6482340775474512e-05	2504.8669459694756	-219089.98042416625	inf
norm	1.702750484574057e-05	2470.0674457973637	-218748.02590904373	inf
gengamma	1.7840206864583702e-05	2447.651963715414	-218226.18482386225	inf
gennorm	2.0892602429396488e-05	2315.8947710330162	-216530.6626443965	inf
genlogistic	6.499845853643907e-05	1771.8689975296693	-204279.81363525873	inf
