	sumsquare_error	aic	bic	kl_div
gennorm	1.2559201887072894e-05	1378.715593863174	-221981.03466129923	inf
genlogistic	1.2701747564889384e-05	1350.3433326754428	-221859.23644570739	inf
logistic	1.3568610523010092e-05	1348.9815510347366	-221156.04069400192	inf
norm	2.4399886934300734e-05	1407.3155667391209	-214823.08547950367	inf
gamma	2.7718667551305687e-05	1408.5412766791933	-213437.5209888578	inf
