	sumsquare_error	aic	bic	kl_div
norm	0.00020037271041504592	1154.8927589534371	-29212.97465034191	inf
