	sumsquare_error	aic	bic	kl_div
norm	0.00027469286013391173	2042.0959037286864	-28637.54931392486	inf
