	sumsquare_error	aic	bic	kl_div
norm	0.0002956057363767811	1568.7443557040522	-28503.71697377806	inf
