	sumsquare_error	aic	bic	kl_div
norm	0.0006736882915327917	1193.3305411392462	-27001.21351069885	inf
