	sumsquare_error	aic	bic	kl_div
norm	0.00031150578384550544	1345.7152988405176	-28408.1552224844	inf
