	sumsquare_error	aic	bic	kl_div
norm	0.00029395333275295817	1633.3699795244002	-28513.941537388033	inf
