	sumsquare_error	aic	bic	kl_div
norm	0.00021327565526829074	2192.7202438538607	-29099.145557617205	inf
