	sumsquare_error	aic	bic	kl_div
norm	0.0002950212257111341	1200.7610355106626	-28507.32719772866	inf
