	sumsquare_error	aic	bic	kl_div
norm	0.0001474912008004562	2041.3926149777378	-29771.867705042136	inf
