	sumsquare_error	aic	bic	kl_div
norm	0.0009627664355009001	1308.9206053289433	-26349.96650323897	inf
