	sumsquare_error	aic	bic	kl_div
norm	0.0007901841126708587	1097.409913279719	-26710.28834910726	inf
