	sumsquare_error	aic	bic	kl_div
norm	0.00038988876215695	1475.8212166686217	-27998.770155504506	inf
