	sumsquare_error	aic	bic	kl_div
norm	0.0008280580378390651	1112.4776506646162	-26624.89364203281	inf
