	sumsquare_error	aic	bic	kl_div
norm	0.0004831225177615816	2039.4402934885318	-27607.68848926099	inf
