	sumsquare_error	aic	bic	kl_div
norm	0.0005612894074672858	1300.4933622098085	-27334.1498323991	inf
