	sumsquare_error	aic	bic	kl_div
norm	0.0003755969540042252	1508.7110293014782	-28066.887135601213	inf
