	sumsquare_error	aic	bic	kl_div
norm	0.00010819867383012875	1790.3929015493197	-30336.941826558665	inf
