	sumsquare_error	aic	bic	kl_div
norm	0.0005081055909767106	1940.5260210529038	-27515.724231829987	inf
