	sumsquare_error	aic	bic	kl_div
norm	0.00044726172849652294	1356.5166458839044	-27748.366925800994	inf
