	sumsquare_error	aic	bic	kl_div
norm	0.0007535141942142051	1275.7587138190243	-26796.961394010366	inf
