	sumsquare_error	aic	bic	kl_div
norm	0.00082578151825605	1279.1809586710947	-26629.91513801374	inf
