	sumsquare_error	aic	bic	kl_div
norm	0.00020107942762007274	1704.4250337193034	-29206.552696681985	inf
