	sumsquare_error	aic	bic	kl_div
norm	0.00025496904605083504	2254.960070282494	-28773.458201470534	inf
