	sumsquare_error	aic	bic	kl_div
norm	0.00035956652278951303	1365.0312238488655	-28146.44533712973	inf
