	sumsquare_error	aic	bic	kl_div
norm	0.0012470834980826823	1033.9155006669494	-25878.002748268194	inf
