	sumsquare_error	aic	bic	kl_div
norm	0.00023204508807947604	2025.7759417419563	-28945.298065554594	inf
