	sumsquare_error	aic	bic	kl_div
norm	0.0006860992439784836	1381.688262997625	-26967.91682970322	inf
