	sumsquare_error	aic	bic	kl_div
norm	0.0006572255606274936	2016.2520883109873	-27046.339726398037	inf
