	sumsquare_error	aic	bic	kl_div
norm	0.000505327236249747	1857.9519900757625	-27525.725351948022	inf
