	sumsquare_error	aic	bic	kl_div
norm	0.0004712994006482568	1873.5704966734068	-27652.88122511521	inf
