	sumsquare_error	aic	bic	kl_div
norm	0.00015614409341414343	1634.382351115336	-29667.880118483215	inf
