	sumsquare_error	aic	bic	kl_div
norm	0.00020725555440487354	2189.3597713487557	-29151.37195087045	inf
