	sumsquare_error	aic	bic	kl_div
norm	0.00032471723537574627	1156.4544335287287	-28332.39200289376	inf
