	sumsquare_error	aic	bic	kl_div
norm	0.0009203868710313095	1177.3278716178925	-26432.077055817197	inf
