	sumsquare_error	aic	bic	kl_div
norm	0.0002682202932113997	1303.9616749971044	-28681.042537020552	inf
