	sumsquare_error	aic	bic	kl_div
norm	0.0004027335611145911	1216.0322174513433	-27939.6475093871	inf
