	sumsquare_error	aic	bic	kl_div
norm	0.0004412394370052128	1904.8678417122678	-27773.093574069935	inf
