	sumsquare_error	aic	bic	kl_div
norm	0.0005671700365379944	1663.95031212639	-27315.139198778346	inf
