	sumsquare_error	aic	bic	kl_div
norm	0.0001233677589062499	1657.300748975241	-30097.631759600154	inf
