	sumsquare_error	aic	bic	kl_div
norm	0.00047537953267785983	1914.7032841882326	-27637.158456515626	inf
