	sumsquare_error	aic	bic	kl_div
norm	0.0008909531419989643	1116.7654724624165	-26491.361174234913	inf
