	sumsquare_error	aic	bic	kl_div
norm	0.0005128625216544694	1674.0137633980805	-27498.72721843603	inf
