	sumsquare_error	aic	bic	kl_div
norm	0.0006829529035073496	1144.3260493732205	-26976.300637629934	inf
