	sumsquare_error	aic	bic	kl_div
norm	0.00029150706141547897	1149.8434994783772	-28529.184327272087	inf
