	sumsquare_error	aic	bic	kl_div
norm	0.000270161942323835	1441.130521166572	-28667.88614699912	inf
