	sumsquare_error	aic	bic	kl_div
norm	0.0007388786209527268	1095.4055221648555	-26832.737687216293	inf
