	sumsquare_error	aic	bic	kl_div
norm	0.00024478670680096366	1450.0904440440354	-28847.79514431318	inf
