	sumsquare_error	aic	bic	kl_div
norm	0.0003083488479664029	1866.5879065055854	-28426.73474270198	inf
