	sumsquare_error	aic	bic	kl_div
norm	0.0006038881314148265	1143.511472334245	-27200.72000518852	inf
