	sumsquare_error	aic	bic	kl_div
norm	0.0002686369863221069	1199.8539625074313	-28678.211064241725	inf
