	sumsquare_error	aic	bic	kl_div
norm	0.0003488090528812514	1305.3082545312272	-28201.84852821014	inf
