	sumsquare_error	aic	bic	kl_div
norm	0.0010773924365646195	975.1061120276374	-26144.78812460587	inf
