	sumsquare_error	aic	bic	kl_div
norm	0.00034827216621767146	1404.1211499184976	-28204.65819067464	inf
