	sumsquare_error	aic	bic	kl_div
norm	0.00035699341660403155	1163.7713159915845	-28159.54505314093	inf
