	sumsquare_error	aic	bic	kl_div
norm	0.0005882676235963125	1152.6514990089536	-27248.521539203724	inf
