	sumsquare_error	aic	bic	kl_div
norm	0.00018566062318031698	1951.7479722921676	-29352.070672049158	inf
