	sumsquare_error	aic	bic	kl_div
norm	0.0006329858282059824	1682.2096758792861	-27114.884269348182	inf
