	sumsquare_error	aic	bic	kl_div
norm	0.0004131000884642807	1808.2413209369308	-27893.29108942716	inf
