	sumsquare_error	aic	bic	kl_div
norm	0.0002715510121538675	1767.6267288370354	-28658.531861109583	inf
