	sumsquare_error	aic	bic	kl_div
norm	0.00028669435074252464	1176.7570254591856	-28559.549479690202	inf
