	sumsquare_error	aic	bic	kl_div
norm	0.00041992894485075007	1631.4889094309995	-27863.3854977207	inf
