	sumsquare_error	aic	bic	kl_div
norm	0.0003098324307956741	1496.0934459710766	-28417.979834170015	inf
