	sumsquare_error	aic	bic	kl_div
norm	0.0008749876219751449	1013.0218641808766	-26524.342916965663	inf
