	sumsquare_error	aic	bic	kl_div
norm	0.000222168738037421	2077.1510011618993	-29024.632076505106	inf
