	sumsquare_error	aic	bic	kl_div
norm	0.0004004439395910409	1782.4067821711747	-27950.046906701347	inf
