	sumsquare_error	aic	bic	kl_div
norm	0.00016765131042116701	1957.2805777028518	-29538.180890954114	inf
