	sumsquare_error	aic	bic	kl_div
norm	0.00033945231998501636	1213.3600132057325	-28251.445187258185	inf
