	sumsquare_error	aic	bic	kl_div
norm	0.00035562512720300045	1247.9508553754742	-28166.54953809643	inf
