	sumsquare_error	aic	bic	kl_div
norm	0.0007086566400409382	1074.718096827015	-26908.912556905212	inf
