	sumsquare_error	aic	bic	kl_div
norm	0.0009472045695194146	1353.140876947944	-26379.689961458676	inf
