	sumsquare_error	aic	bic	kl_div
norm	0.0005978493631614359	1237.4018270978245	-27219.051472844163	inf
