	sumsquare_error	aic	bic	kl_div
norm	0.00027905133599285804	1154.5985755100542	-28608.835607499885	inf
