	sumsquare_error	aic	bic	kl_div
norm	8.892627312105578e-05	1633.1596329018469	-30694.740357243936	inf
