	sumsquare_error	aic	bic	kl_div
norm	0.0006339755551288414	1198.4648092289328	-27112.034518285116	inf
