	sumsquare_error	aic	bic	kl_div
norm	0.0002975899772882988	2304.042631097777	-28491.514360583165	inf
