	sumsquare_error	aic	bic	kl_div
norm	0.0005992221714781685	1275.6687455121148	-27214.867924250808	inf
