	sumsquare_error	aic	bic	kl_div
norm	0.00039571587773588933	1198.8668285797587	-27971.711115364757	inf
