	sumsquare_error	aic	bic	kl_div
norm	0.0006061095148276218	1582.6344053269202	-27194.02278902523	inf
