	sumsquare_error	aic	bic	kl_div
norm	0.0009422591422143204	1757.8823638933643	-26389.23815224654	inf
