	sumsquare_error	aic	bic	kl_div
norm	0.0009433842603929811	1211.3414099279782	-26387.061477909723	inf
