	sumsquare_error	aic	bic	kl_div
norm	0.0003274810145069458	1558.072568840425	-28316.933012281537	inf
