	sumsquare_error	aic	bic	kl_div
norm	0.001155466829860026	1754.6745874949195	-26017.179747882405	inf
