	sumsquare_error	aic	bic	kl_div
norm	0.0006714266921910178	1025.9919093418453	-27007.34705487384	inf
