	sumsquare_error	aic	bic	kl_div
norm	0.00038359514421559474	1258.0250648646813	-28028.453546146684	inf
