	sumsquare_error	aic	bic	kl_div
norm	0.00014669483456590055	1667.1298211180851	-29781.742922661855	inf
