	sumsquare_error	aic	bic	kl_div
norm	0.0005590597480059949	1447.5945080178344	-27341.409898079117	inf
