	sumsquare_error	aic	bic	kl_div
norm	0.0005712146517461888	1231.9433243516255	-27302.178010423588	inf
