	sumsquare_error	aic	bic	kl_div
norm	0.0009370783410242721	1029.8673592958742	-26399.294680563427	inf
