	sumsquare_error	aic	bic	kl_div
norm	0.00018241014555343515	2083.395850406912	-29384.287440293858	inf
