	sumsquare_error	aic	bic	kl_div
norm	0.0014316714765308033	1029.4281852871045	-25626.226903227045	inf
