	sumsquare_error	aic	bic	kl_div
norm	0.0005241849735154873	1645.6090524817535	-27458.896886764156	inf
