	sumsquare_error	aic	bic	kl_div
norm	0.00031752915423651846	1431.3670266446832	-28373.22246202743	inf
