	sumsquare_error	aic	bic	kl_div
norm	0.0017154044458127817	985.0081439125793	-25296.436294309813	inf
