	sumsquare_error	aic	bic	kl_div
norm	0.0004597417760693875	1237.3663578598646	-27698.168567323683	inf
