	sumsquare_error	aic	bic	kl_div
norm	0.0005476190551115319	1236.8023619129608	-27379.123762697327	inf
