	sumsquare_error	aic	bic	kl_div
norm	0.00012006930549656254	1570.2554086520367	-30147.063404329157	inf
