	sumsquare_error	aic	bic	kl_div
norm	0.0005432622461242946	1143.5515396090266	-27393.693380559125	inf
