	sumsquare_error	aic	bic	kl_div
norm	0.0007299203025224407	1544.407016881482	-26854.987397736964	inf
