	sumsquare_error	aic	bic	kl_div
norm	0.000410295179842641	1377.012839492727	-27905.718105497825	inf
