	sumsquare_error	aic	bic	kl_div
norm	0.0001761398849902654	1589.0090017116866	-29448.089534314357	inf
