	sumsquare_error	aic	bic	kl_div
norm	0.0005720290316937849	2192.3970569680578	-27299.579388105034	inf
