	sumsquare_error	aic	bic	kl_div
norm	0.0004682009258807891	1570.5204053673829	-27664.91238318287	inf
