	sumsquare_error	aic	bic	kl_div
norm	0.00026526192899601426	1143.2582679432496	-28701.272308200023	inf
