	sumsquare_error	aic	bic	kl_div
norm	0.0009402127174611769	1266.8498484261959	-26393.203874444134	inf
