	sumsquare_error	aic	bic	kl_div
norm	0.0007411647821367157	1364.2691868090415	-26827.102769608664	inf
