	sumsquare_error	aic	bic	kl_div
norm	0.0005213258874415255	1215.8998035822865	-27468.872844342895	inf
