	sumsquare_error	aic	bic	kl_div
norm	0.0012760670247602673	1180.5124945072487	-25836.096189287815	inf
