	sumsquare_error	aic	bic	kl_div
norm	0.0004975208963249364	1486.3763759827782	-27554.122576137826	inf
