	sumsquare_error	aic	bic	kl_div
norm	0.0003641416072694054	1263.6464104233794	-28123.38337357314	inf
