	sumsquare_error	aic	bic	kl_div
norm	0.0009259515768407198	1102.3021643091786	-26421.082263241206	inf
