	sumsquare_error	aic	bic	kl_div
norm	0.0004045286656968237	1738.7315199255472	-27931.53545844219	inf
