	sumsquare_error	aic	bic	kl_div
norm	0.00025044390004216844	2117.425109097013	-28806.120945648443	inf
