	sumsquare_error	aic	bic	kl_div
norm	0.0011632789228557619	1194.2857100860022	-26004.88921406976	inf
