	sumsquare_error	aic	bic	kl_div
norm	0.0010102273207559537	986.3682367220858	-26262.195968693664	inf
