	sumsquare_error	aic	bic	kl_div
norm	0.0006775798581306479	1249.530203683638	-26990.707472943657	inf
