	sumsquare_error	aic	bic	kl_div
norm	0.0009909276006282988	1050.2125926016342	-26297.379432628237	inf
