	sumsquare_error	aic	bic	kl_div
norm	0.0002671594532186259	1496.9230084645874	-28688.27095644475	inf
