	sumsquare_error	aic	bic	kl_div
norm	0.0005826159940985342	1640.9213741657209	-27266.129868683925	inf
