	sumsquare_error	aic	bic	kl_div
norm	0.0005225872755326731	1086.580286952812	-27464.46486659224	inf
