	sumsquare_error	aic	bic	kl_div
norm	0.0002607454637379051	1286.004287050199	-28732.595955748224	inf
