	sumsquare_error	aic	bic	kl_div
norm	0.00021273676079329288	1725.333513485123	-29103.760183903323	inf
