	sumsquare_error	aic	bic	kl_div
norm	0.00022869244893953294	1541.2017858208408	-28971.843858927066	inf
