	sumsquare_error	aic	bic	kl_div
norm	0.0013187570075564453	993.5081257446359	-25776.07396496371	inf
