	sumsquare_error	aic	bic	kl_div
norm	0.00019220007731077034	1236.0682507106928	-29288.930179252562	inf
