	sumsquare_error	aic	bic	kl_div
norm	0.0006975840429474873	1153.177700334289	-26937.637134055316	inf
