	sumsquare_error	aic	bic	kl_div
norm	0.0006402972437612659	1203.37199702837	-27093.936580898186	inf
