	sumsquare_error	aic	bic	kl_div
norm	0.00022566653596844575	2268.6743179305727	-28996.13895175828	inf
