	sumsquare_error	aic	bic	kl_div
norm	0.000600582435451378	1324.8525347742243	-27210.732046565638	inf
