	sumsquare_error	aic	bic	kl_div
norm	0.000402137532480501	1681.5481881004696	-27942.348951732234	inf
