	sumsquare_error	aic	bic	kl_div
norm	0.00031659269876039745	1232.6076104367771	-28378.609742160043	inf
