	sumsquare_error	aic	bic	kl_div
norm	0.00019099175277814513	1732.218627848456	-29300.43351037561	inf
