	sumsquare_error	aic	bic	kl_div
norm	0.00037872504421675103	1229.3089841607982	-28051.759194834613	inf
