	sumsquare_error	aic	bic	kl_div
norm	0.0013140121063883077	977.8705456653352	-25782.648570427813	inf
