	sumsquare_error	aic	bic	kl_div
norm	0.0001769335070820534	1963.6830373608323	-29439.889714300585	inf
