	sumsquare_error	aic	bic	kl_div
norm	0.0007178112732259399	1236.0131755690713	-26885.500491304378	inf
