	sumsquare_error	aic	bic	kl_div
norm	0.0006744696380294494	1364.0723610987288	-26999.09925369939	inf
