	sumsquare_error	aic	bic	kl_div
norm	0.0011441543582087375	1402.4257684931756	-26035.125412014946	inf
