	sumsquare_error	aic	bic	kl_div
norm	0.0003213717048706077	1769.8638581003397	-28351.28197856731	inf
