	sumsquare_error	aic	bic	kl_div
norm	0.00033759284370159205	1227.4358797001366	-28261.464292188786	inf
