	sumsquare_error	aic	bic	kl_div
norm	0.00022858737953084142	1424.311305347477	-28972.682061676867	inf
