	sumsquare_error	aic	bic	kl_div
norm	0.00043211216959439247	1539.9365793173936	-27811.219666186684	inf
