	sumsquare_error	aic	bic	kl_div
norm	0.00025901577410177094	2116.4303801181054	-28744.736012810314	inf
