	sumsquare_error	aic	bic	kl_div
norm	0.0004833981581776513	1571.295393035185	-27606.648122210274	inf
