	sumsquare_error	aic	bic	kl_div
norm	0.0003536799336703279	1375.8443935107762	-28176.553814377377	inf
