	sumsquare_error	aic	bic	kl_div
norm	0.0002752534926663114	1525.7951290833116	-28633.830427207526	inf
