	sumsquare_error	aic	bic	kl_div
norm	0.0003287533311331465	1224.3352859957008	-28309.860208337457	inf
