	sumsquare_error	aic	bic	kl_div
norm	0.0007430067546116368	1525.7598433258029	-26822.57531515201	inf
