	sumsquare_error	aic	bic	kl_div
norm	0.0005588770698139201	1617.5806217681218	-27342.006005157797	inf
