	sumsquare_error	aic	bic	kl_div
norm	0.00014984648577146518	2083.2701108027973	-29742.97039509574	inf
