	sumsquare_error	aic	bic	kl_div
norm	0.0004772455397477659	1221.3171853526285	-27630.012725530487	inf
