	sumsquare_error	aic	bic	kl_div
norm	0.0006340504605707875	1176.121666737112	-27111.819021876403	inf
