	sumsquare_error	aic	bic	kl_div
norm	0.0007029974236821693	1438.2883372054007	-26923.537196472404	inf
