	sumsquare_error	aic	bic	kl_div
norm	0.0002615691415794021	1465.4837527781744	-28726.84314082402	inf
