	sumsquare_error	aic	bic	kl_div
norm	0.0009752081650931365	1339.7773978092798	-26326.546148237387	inf
