	sumsquare_error	aic	bic	kl_div
norm	0.0003289725568260799	1477.6226858861191	-28308.644298530537	inf
