	sumsquare_error	aic	bic	kl_div
norm	0.0005584093514856429	1563.3303891172488	-27343.533130636722	inf
