	sumsquare_error	aic	bic	kl_div
norm	0.00020666167289563097	2102.7543259993945	-29156.606043798856	inf
