	sumsquare_error	aic	bic	kl_div
norm	0.000630576535805797	1210.889667518787	-27121.840086945856	inf
