	sumsquare_error	aic	bic	kl_div
norm	0.00034157065065712824	1532.2425479255312	-28240.09799994201	inf
