	sumsquare_error	aic	bic	kl_div
norm	0.0005167574248002336	1463.032218389122	-27484.92729692103	inf
