	sumsquare_error	aic	bic	kl_div
norm	0.000722302293654952	1324.9885715132666	-26874.124099878045	inf
