	sumsquare_error	aic	bic	kl_div
norm	0.00023573757910213275	1688.2390430766015	-28916.50160091879	inf
