	sumsquare_error	aic	bic	kl_div
norm	0.00037306417410106233	1385.0545352779654	-28079.228655669256	inf
