	sumsquare_error	aic	bic	kl_div
norm	0.0003159055273714585	1909.6001611972474	-28382.57307693251	inf
