	sumsquare_error	aic	bic	kl_div
norm	0.0003517269217538573	1382.100132642662	-28186.653809324507	inf
