	sumsquare_error	aic	bic	kl_div
norm	0.0002849067800681574	1763.6902644065315	-28570.957922968973	inf
