	sumsquare_error	aic	bic	kl_div
norm	0.0005698251101997114	1106.0311080921495	-27306.620493706298	inf
