	sumsquare_error	aic	bic	kl_div
norm	0.0004924726762886192	1191.3856179326574	-27572.724784094607	inf
