	sumsquare_error	aic	bic	kl_div
norm	0.0002895875034194374	1504.8865543990617	-28541.234987292595	inf
