	sumsquare_error	aic	bic	kl_div
norm	0.00023062788435000112	1222.507532748192	-28956.47221161943	inf
