	sumsquare_error	aic	bic	kl_div
norm	0.0005118149393563043	1470.902307270319	-27502.456764269293	inf
