	sumsquare_error	aic	bic	kl_div
norm	0.0003220791797781763	1328.2003086923564	-28347.27099720977	inf
