	sumsquare_error	aic	bic	kl_div
norm	0.00037243781142935794	2037.1576652043498	-28082.2936663713	inf
