	sumsquare_error	aic	bic	kl_div
norm	0.0006469141412440627	1808.3865443732716	-27075.183907546827	inf
