	sumsquare_error	aic	bic	kl_div
norm	0.0005209972985148354	2388.547779351898	-27470.022864279537	inf
