	sumsquare_error	aic	bic	kl_div
norm	0.0008615085673641811	1201.3301038970594	-26552.660041483414	inf
