	sumsquare_error	aic	bic	kl_div
norm	0.0005343769906377064	1178.4611124431735	-27423.77222832868	inf
