	sumsquare_error	aic	bic	kl_div
norm	0.00013423455075887089	1860.1791321811252	-29943.651787538216	inf
