	sumsquare_error	aic	bic	kl_div
norm	0.00023588520105669118	1844.9081126096196	-28915.359745753027	inf
