	sumsquare_error	aic	bic	kl_div
norm	0.0005063149545929435	1355.7103500613143	-27522.163620642696	inf
