	sumsquare_error	aic	bic	kl_div
norm	0.0018527263004339224	1094.8895516253283	-25155.971241863794	inf
