	sumsquare_error	aic	bic	kl_div
norm	0.00020057209756880342	1986.7741295661313	-29211.16052435154	inf
