	sumsquare_error	aic	bic	kl_div
norm	0.00010171033127762964	1568.383926224682	-30449.73839873102	inf
