	sumsquare_error	aic	bic	kl_div
norm	8.7206731357828e-05	1398.3302779591281	-30730.355985753766	inf
