	sumsquare_error	aic	bic	kl_div
norm	0.00034110810874089765	1755.6554069528088	-28242.56966490211	inf
