	sumsquare_error	aic	bic	kl_div
norm	0.00019334749999412864	1729.7003944297173	-29278.0733860749	inf
