	sumsquare_error	aic	bic	kl_div
norm	0.00034989474530214656	1226.0697808877158	-28196.18001867955	inf
