	sumsquare_error	aic	bic	kl_div
norm	0.0006322513244920096	1519.5178089052786	-27117.00203031012	inf
