	sumsquare_error	aic	bic	kl_div
norm	0.00036261514067340223	1651.005759305539	-28131.045577394085	inf
