	sumsquare_error	aic	bic	kl_div
norm	0.000931460096176619	1324.7317611373578	-26410.263370615485	inf
