	sumsquare_error	aic	bic	kl_div
norm	0.0003585552126130552	1713.5732502352128	-28151.58271395698	inf
