	sumsquare_error	aic	bic	kl_div
norm	0.0004077427464195293	1544.3933358651757	-27917.10059406671	inf
