	sumsquare_error	aic	bic	kl_div
norm	0.00017365624383232042	1487.8445488213094	-29473.991694048895	inf
