	sumsquare_error	aic	bic	kl_div
norm	0.0004297287228600298	1710.9583422950136	-27821.308344885518	inf
