	sumsquare_error	aic	bic	kl_div
norm	0.0007019877943504279	1095.0277137263279	-26926.158667779644	inf
