	sumsquare_error	aic	bic	kl_div
norm	0.00023423106066541242	1410.380209045369	-28928.195568593535	inf
