	sumsquare_error	aic	bic	kl_div
norm	0.00017575943673591034	1602.8480012744317	-29452.033491255836	inf
