	sumsquare_error	aic	bic	kl_div
norm	0.0008288456217530033	1272.792927049862	-26623.15962067448	inf
