	sumsquare_error	aic	bic	kl_div
norm	0.0005512913170865272	1615.2446949841067	-27366.93308555871	inf
