	sumsquare_error	aic	bic	kl_div
norm	0.0004272582936442255	2084.4733669627376	-27831.824432724818	inf
