	sumsquare_error	aic	bic	kl_div
norm	0.0003049637923298869	1463.0486559698045	-28446.869348682987	inf
