	sumsquare_error	aic	bic	kl_div
norm	0.0009238263909001122	1048.5632397766567	-26425.273405020147	inf
