	sumsquare_error	aic	bic	kl_div
norm	0.00020350209890913792	2033.4309511710183	-29184.707876986682	inf
