	sumsquare_error	aic	bic	kl_div
norm	0.0004082757507181834	2120.6309821434065	-27914.71780499412	inf
