	sumsquare_error	aic	bic	kl_div
norm	0.0005070561116641779	1456.2946784076996	-27519.495554059802	inf
