	sumsquare_error	aic	bic	kl_div
norm	0.000404558639578052	1714.9295875699738	-27931.4003126822	inf
