	sumsquare_error	aic	bic	kl_div
norm	0.0003458058757960247	1073.5805666952913	-28217.620804069476	inf
