	sumsquare_error	aic	bic	kl_div
norm	0.000326672914042591	1648.0479913487632	-28321.439523463217	inf
