	sumsquare_error	aic	bic	kl_div
norm	0.000274169039800273	1462.5373189093052	-28641.030876695957	inf
