	sumsquare_error	aic	bic	kl_div
norm	0.0003038440330543388	1369.473760069745	-28453.578997069777	inf
