	sumsquare_error	aic	bic	kl_div
norm	0.0002019945428265633	1834.0770930297597	-29198.27047988351	inf
