	sumsquare_error	aic	bic	kl_div
norm	0.0005852142418930126	1204.062403971184	-27258.013600324506	inf
