	sumsquare_error	aic	bic	kl_div
norm	0.0003842160553931795	1863.929804686174	-28025.50349218715	inf
