	sumsquare_error	aic	bic	kl_div
norm	0.0004647441601298794	1179.2453648469975	-27678.429083529172	inf
