	sumsquare_error	aic	bic	kl_div
norm	0.00041581992084165477	1510.789215839755	-27881.32131670066	inf
