	sumsquare_error	aic	bic	kl_div
norm	0.0004290530828795979	1109.302835761938	-27824.17838141944	inf
