	sumsquare_error	aic	bic	kl_div
norm	0.0009955899648864488	1073.9851623956797	-26288.81754707597	inf
