	sumsquare_error	aic	bic	kl_div
norm	0.00027862783334086614	1657.9873759870234	-28611.605906367775	inf
