	sumsquare_error	aic	bic	kl_div
norm	0.00027140029895293433	1922.4644045651316	-28659.544478189382	inf
