	sumsquare_error	aic	bic	kl_div
norm	0.00024107197281737482	1482.2334855941	-28875.6872335283	inf
