	sumsquare_error	aic	bic	kl_div
norm	0.000574440656272611	1916.9074927112194	-27291.905727360372	inf
