	sumsquare_error	aic	bic	kl_div
norm	0.00042561983540264053	1261.5906896148929	-27838.83258877288	inf
