	sumsquare_error	aic	bic	kl_div
norm	0.0001534446263524534	2041.5802162681764	-29699.689757519	inf
