	sumsquare_error	aic	bic	kl_div
norm	0.0005740709614903798	1210.5078218765577	-27293.07998332026	inf
