	sumsquare_error	aic	bic	kl_div
norm	0.0012012934613145469	1011.3339632531595	-25946.236331801363	inf
