	sumsquare_error	aic	bic	kl_div
norm	0.0008522637026358097	1137.8635823117522	-26572.33919854629	inf
