	sumsquare_error	aic	bic	kl_div
norm	0.0011063193253957578	1038.9114722915142	-26096.46147945979	inf
