	sumsquare_error	aic	bic	kl_div
norm	0.0002759740049883071	1295.7055026321173	-28629.06210476582	inf
