	sumsquare_error	aic	bic	kl_div
norm	0.0008347830969488361	1311.184626566638	-26610.13988782341	inf
