	sumsquare_error	aic	bic	kl_div
norm	0.0004865086278366863	1485.2988857160994	-27594.949026606253	inf
