	sumsquare_error	aic	bic	kl_div
norm	0.0009426785411046274	1357.7576675686562	-26388.42647173815	inf
