	sumsquare_error	aic	bic	kl_div
norm	0.00028281476800185595	1594.7431208163234	-28584.4005949738	inf
