	sumsquare_error	aic	bic	kl_div
norm	0.0002753694104137489	1420.8307071765998	-28633.062446169082	inf
