	sumsquare_error	aic	bic	kl_div
norm	0.0003728860550662961	1516.0682454732632	-28080.099730207166	inf
