	sumsquare_error	aic	bic	kl_div
norm	0.0005017555269850265	1227.089830626986	-27538.663365092347	inf
