	sumsquare_error	aic	bic	kl_div
norm	0.0004941020621981623	1649.288558678554	-27566.69989315577	inf
