	sumsquare_error	aic	bic	kl_div
norm	0.00025768481813428503	1535.563305511166	-28754.13282438933	inf
