	sumsquare_error	aic	bic	kl_div
norm	0.0001970983181395869	1824.5251624570542	-29243.027792312045	inf
