	sumsquare_error	aic	bic	kl_div
norm	0.0009428290888869549	1546.7813348886755	-26388.13519828883	inf
