	sumsquare_error	aic	bic	kl_div
norm	0.00015455079961478128	1220.0158257788744	-29686.587818102096	inf
