	sumsquare_error	aic	bic	kl_div
norm	0.00019644384270991856	1808.190116483482	-29249.094559245823	inf
