	sumsquare_error	aic	bic	kl_div
chi2	0.00011906625871533098	1191.3100331409476	-30172.39937826128	inf
gamma	0.00011906627272878868	1191.310060566786	-30172.399163468614	inf
beta	0.00011979946405328463	1195.2588012604842	-30153.686225814552	inf
lognorm	0.0001205398887458705	1188.9804495064025	-30149.95079967766	inf
f	0.00012140952591194197	1190.233928440142	-30129.322237279986	inf
