	sumsquare_error	aic	bic	kl_div
gennorm	0.00013301454545832834	1209.0903643887857	-29970.228884939843	inf
norm	0.00014115610325939588	1209.220300265972	-29869.318790473633	inf
f	0.00014147280397245243	1210.6962146800593	-29850.2100992222	inf
lognorm	0.0001416238157245958	1208.7179588545102	-29855.772420962618	inf
gamma	0.00014206165237844152	1208.7830260178273	-29850.139051491336	inf
