	sumsquare_error	aic	bic	kl_div
gennorm	0.0003317066771589014	1169.7749947942827	-27988.796755032305	inf
beta	0.0003530368670487043	1159.9189655698058	-27868.745410085197	inf
rayleigh	0.00039225510625640216	1181.0789722034297	-27693.49925641863	inf
f	0.0004082278427308263	1193.6619684462391	-27606.418553687778	inf
chi2	0.00041297877071421005	1186.3225758837984	-27593.020680690308	inf
