	sumsquare_error	aic	bic	kl_div
dgamma	0.0001700825102867126	1224.4902125884344	-29521.597918042	inf
cauchy	0.00017176845154167773	1246.6158387847447	-29511.10603008549	inf
gennorm	0.00020064213113905793	1223.9054379844117	-29220.036368620524	inf
foldnorm	0.00032869734639865523	1310.1803735447322	-28319.18985406311	inf
invgamma	0.00036472306065578347	1245.9029391029258	-28129.388174976895	inf
