	sumsquare_error	aic	bic	kl_div
cauchy	0.00018960036987789025	1256.156664349792	-29330.84862154356	inf
dgamma	0.0003338662292835231	1237.7131804697926	-28290.714390004105	inf
gennorm	0.0003590587115379528	1238.7478843828358	-28157.953824432523	inf
invgamma	0.0004154218323126875	1273.095411445373	-27891.853219988236	inf
f	0.0004155981512761872	1274.9752989955477	-27883.569457826186	inf
