	sumsquare_error	aic	bic	kl_div
gennorm	0.00027914217992525034	1167.5924232230632	-28617.424328059747	inf
rayleigh	0.0004665297185167607	1153.1576645890518	-27687.6128127614	inf
powerlognorm	0.0004882783948290925	1165.314652478009	-27589.4398406751	inf
powerlaw	0.0005244392728661415	1116.604364678388	-27466.56402972168	inf
dgamma	0.0005306779269826452	1165.974749830629	-27444.98220649045	inf
