	sumsquare_error	aic	bic	kl_div
dgamma	0.00012917351370496215	1228.3430694916015	-29971.32122117988	inf
gennorm	0.00014510506176126532	1220.2221383273363	-29759.419932139983	inf
cauchy	0.00014936334646628037	1259.211395832733	-29714.22834851028	inf
chi2	0.00017890422389619119	1222.0883606268433	-29377.9066938511	inf
invgamma	0.0001798391922761244	1222.708659461825	-29368.40956488113	inf
