	sumsquare_error	aic	bic	kl_div
dgamma	0.00013883287822482877	1225.2982015480845	-29631.30918879081	inf
gennorm	0.00014607694894615202	1218.6972428012439	-29539.247818349413	inf
cauchy	0.00015708836682619623	1254.5014142761072	-29415.207218180898	inf
chi2	0.0001976874738846393	1223.7207906933145	-28991.625370632428	inf
invgamma	0.00020049118609197564	1222.2126126111732	-28966.135290540697	inf
