	sumsquare_error	aic	bic	kl_div
cauchy	0.00019348770737611924	1256.955982002318	-29293.809439842287	inf
loggamma	0.0002167389559066225	1215.0930859099708	-29079.199691238355	inf
beta	0.00024171436531882881	1215.4218787579748	-28872.65027289068	inf
dgamma	0.0002454056768542226	1221.9476575495262	-28852.500009206	inf
gennorm	0.00025212151814076896	1213.5451268980958	-28803.22770828429	inf
