	sumsquare_error	aic	bic	kl_div
foldcauchy	0.00012165172487626034	1252.3454576040642	-30133.194520117933	inf
cauchy	0.0001362706022350747	1276.590276479595	-29933.602156334684	inf
dgamma	0.00014859321733823034	1244.866781107959	-29768.102833300607	inf
gennorm	0.0001693916216418341	1240.2936657986102	-29529.02631036491	inf
loggamma	0.00028326162003563426	1236.4622623425132	-28590.688688450056	inf
