	sumsquare_error	aic	bic	kl_div
dgamma	0.00015551270358744995	1226.434193539554	-29356.884471422196	inf
cauchy	0.00017672980580838666	1256.5948868178843	-29133.405653790513	inf
gennorm	0.00017896827656016864	1219.306209272437	-29103.17553107423	inf
norm	0.0002592631635702909	1212.146786237226	-28441.307487520182	inf
gamma	0.00025966078533178457	1215.7255553292275	-28431.040948098514	inf
