	sumsquare_error	aic	bic	kl_div
dgamma	0.00028314720614003454	1175.1387658878837	-28591.425984031128	inf
gennorm	0.0004706186956144432	1159.5610333875472	-27664.177653054736	inf
beta	0.0006139039891922433	1131.778682070925	-27171.60094029027	inf
rayleigh	0.0007228418824303374	inf	-26888.50229255577	inf
invgauss	0.0007756481981506858	1140.3837585123515	-26752.314830274383	inf
