	sumsquare_error	aic	bic	kl_div
loggamma	0.00026199793586970566	1158.93243272373	-28733.101281666488	inf
dgamma	0.0002953137211780908	1162.9591933127622	-28514.645811450548	inf
norm	0.00030684270717284956	1150.6062045768551	-28452.263105442653	inf
powernorm	0.0003096697740117625	1152.748430690748	-28428.01628861034	inf
gennorm	0.0003137205525060007	1151.8976950371489	-28404.298324153962	inf
