	sumsquare_error	aic	bic	kl_div
beta	4.019401146338163e-05	1170.2396081079514	-192572.93847251358	0.01912580279003667
gennorm	4.790802720534232e-05	1173.3303431964212	-190832.63951378092	0.023433162243602482
rayleigh	7.898267286806591e-05	1185.5321613249655	-185859.89019112661	0.033736283034181434
loggamma	9.403547525134039e-05	1189.9866966448562	-184112.35278585218	0.04371372049969459
chi	9.575799847518544e-05	1189.35910245765	-183931.46758571916	0.04282297772177766
