	sumsquare_error	aic	bic	kl_div
beta	2.0407314769899358e-05	1162.4021097112961	-178561.48281730537	0.010708587674997142
gennorm	3.2444339662057733e-05	1166.3915195011093	-174409.9460270692	0.017610631147468594
f	5.444883876382548e-05	1189.5510412335796	-169754.68531948325	0.029262142647167765
powernorm	5.4617318398562164e-05	1187.4778265808534	-169736.06226248402	0.029853823916362265
chi	5.6772437523694965e-05	1187.9423477220232	-169388.76905617048	0.030553764810093833
