	sumsquare_error	aic	bic	kl_div
genlogistic	1.6857827399522365e-05	1317.7514340148473	-176933.03996718652	inf
gennorm	1.9842279700276704e-05	1320.0771116190658	-175496.19570349055	inf
logistic	2.0915901600228018e-05	1310.791950531931	-175040.77602475128	inf
gamma	3.903878913446645e-05	1344.6486921859503	-169530.72603157803	inf
gengamma	3.992160517849927e-05	1347.1827989565468	-169324.52153656122	inf
