	sumsquare_error	aic	bic	kl_div
genlogistic	2.1492913387850513e-05	1359.6233036828	-118662.29667372342	inf
logistic	2.2705782433229522e-05	1354.9665882584234	-118336.25442403136	inf
gennorm	2.3358781692150214e-05	1378.9944381923945	-118154.63980751428	inf
gengamma	3.910262821531311e-05	1424.7765768225688	-115004.13277976686	inf
gamma	3.911352208176107e-05	1419.7954578106928	-115011.14984931627	inf
