	sumsquare_error	aic	bic	kl_div
genlogistic	2.3712545981848243e-05	1294.582225700622	-173946.19067807638	inf
gennorm	2.626478965753389e-05	1297.5266155508452	-173044.97532928898	inf
logistic	2.84746792894756e-05	1291.214060035261	-172341.85027254067	inf
gamma	5.392777134676901e-05	1315.2377492386313	-166702.60089642587	inf
gengamma	5.7948831085928085e-05	1318.8666208403206	-166059.51556444686	inf
