	sumsquare_error	aic	bic	kl_div
gennorm	1.817022778724677e-05	1360.248037718449	-119603.86530580126	inf
logistic	2.0272108000994773e-05	1337.0408767098809	-118945.52178742319	inf
genlogistic	2.0357599071180655e-05	1338.8225855174176	-118911.16128780221	inf
gengamma	2.100763721821407e-05	1392.949464379359	-118710.90091329206	inf
norm	2.169815479250798e-05	1384.4183931746084	-118531.2439087339	inf
