	sumsquare_error	aic	bic	kl_div
genlogistic	2.0760764922124357e-05	1334.8944111110727	-118914.63906558644	inf
logistic	2.107780685724109e-05	1333.0694284789495	-118830.90487816076	inf
gennorm	2.1342252756228802e-05	1343.8465750120488	-118746.13326532285	inf
norm	4.8049601815927306e-05	1380.5323032576628	-113804.42454553941	inf
gamma	4.859236296693495e-05	1382.1820128637285	-113727.19007185695	inf
