	sumsquare_error	aic	bic	kl_div
genlogistic	3.217546337297064e-05	1315.2422118919128	-116061.45754979675	0.010577788908137783
logistic	3.2903599077874744e-05	1311.9605655617447	-115933.86838187998	0.010851106624371634
gennorm	3.445730410962631e-05	1324.321030298228	-115644.12147394339	0.01105154046925167
gamma	4.316180911656253e-05	1343.8661288427998	-114272.21472082747	0.014658645725512941
norm	4.385445267352729e-05	1341.8562074408562	-114183.95934446667	0.014949926771574062
