	sumsquare_error	aic	bic	kl_div
gennorm	1.8919055682992366e-05	1343.7625567198256	-119337.16787212854	inf
genlogistic	2.0019985267722063e-05	1330.2486105308078	-118992.53934310214	inf
logistic	2.0987186108815486e-05	1326.1540571314968	-118713.78023424355	inf
gamma	2.777006590426088e-05	1370.4060416453274	-116998.74135375532	inf
norm	2.8566085426948024e-05	1367.2848374339694	-116835.25883619073	inf
