	sumsquare_error	aic	bic	kl_div
gennorm	1.5024586338150037e-05	1340.7802622588113	-120824.77510535932	inf
genlogistic	1.6199185079980254e-05	1323.951807994458	-120365.83569266654	inf
logistic	1.6429338747478227e-05	1321.1811303953855	-120288.53630939873	inf
norm	2.1726286423832557e-05	1361.659013437941	-118584.70405932551	inf
gamma	2.173589899458185e-05	1364.044809469062	-118573.29154917737	inf
