	sumsquare_error	aic	bic	kl_div
gennorm	2.6967345773379734e-05	1168.021457904395	-205501.7986786088	0.013880696936461226
beta	3.799034163886975e-05	1162.013516551599	-201929.78580895794	0.017346126763221816
rayleigh	0.00011428828947232545	1179.6165855666604	-190498.21135767273	0.04925787819204407
loggamma	0.00011719669470657088	1186.9754161247583	-190227.71524078122	0.05266953610893433
chi	0.00011774672296784502	1183.0000068326924	-190179.03880364238	0.050923908940638446
