	sumsquare_error	aic	bic	kl_div
loggamma	8.039632338379314e-05	1187.982111261159	-146658.31104199117	0.04988694282543621
norm	8.072403522275753e-05	1186.0301373229968	-146634.88499393043	0.05000626592844006
foldnorm	8.072403609444257e-05	1188.030135345231	-146625.90184461072	0.050006265746904074
gamma	8.295630430094738e-05	1187.6644546309115	-146408.58089469667	0.04972965576334756
beta	8.377410063466183e-05	1155.7711437541336	-146321.44249263575	0.03579020298799086
