	sumsquare_error	aic	bic	kl_div
loggamma	5.2284895220200734e-05	1199.6612331941985	-147071.75324641273	0.03528779158560104
norm	5.2576408471150864e-05	1197.466674988294	-147037.26570960667	0.035447127065502765
foldnorm	5.257640911927675e-05	1199.4666687358613	-147028.30181302587	0.03544712501947848
gamma	5.330597627867967e-05	1199.1476468082114	-146920.6038694454	0.035589697520407984
f	5.3690042554578834e-05	1200.9153624827727	-146855.53534923051	0.03558632461199656
