	sumsquare_error	aic	bic	kl_div
beta	6.106689233993614e-05	1156.754583994642	-171201.80736693877	0.025932177266514964
loggamma	7.945771259265307e-05	1188.143423349971	-168815.5650956156	0.04736747775787385
norm	8.124222221281033e-05	1186.360317489412	-168622.59107031635	0.0484951544504666
gamma	8.225417970126132e-05	1187.8142618575375	-168500.83757972514	0.04767795434234119
invgamma	8.476995018765778e-05	1188.1105987758638	-168226.7127927731	0.04792021703575589
