	sumsquare_error	aic	bic	kl_div
loggamma	2.757008456011865e-05	1196.6136397492612	-161745.30408014217	0.020493549748692535
norm	2.786363177114738e-05	1195.146736206221	-161666.558694126	0.02076589939863142
gamma	2.7895633293208577e-05	1197.1959321079382	-161648.02405075822	0.020739635277735327
f	2.7924204192154066e-05	1199.214277707595	-161630.51834878433	0.020710587754118954
lognorm	2.8288100951094148e-05	1197.368757302412	-161532.24561675015	0.02079922636282868
