	sumsquare_error	aic	bic	kl_div
lognorm	0.0003772235366814968	1271.335421887809	-28051.496279711806	inf
gamma	0.000381101868348237	1263.2895040678984	-28032.83901571473	inf
gennorm	0.00038314169601574817	1237.986059259861	-28023.102186582364	inf
powernorm	0.0003833996311098091	1259.8886920296898	-28021.87466338779	inf
norm	0.00038359514421559474	1258.0250648646813	-28028.453546146684	inf
