	sumsquare_error	aic	bic	kl_div
gennorm	0.0006201979945315686	1229.795794664854	-27144.601973358112	inf
beta	0.0006477873810111877	1221.3161948649254	-27057.705859421625	inf
loggamma	0.000672488767549888	1196.0906296151593	-26996.955309785226	inf
powernorm	0.0006736674273526935	1195.330158570665	-26993.76121382839	inf
norm	0.0006736882915327917	1193.3305411392462	-27001.21351069885	inf
