	sumsquare_error	aic	bic	kl_div
gennorm	0.0003670862829068567	1305.0116615499885	-28101.18390660379	inf
beta	0.00045140427342242227	1263.45466764094	-27716.533191844323	inf
loggamma	0.0005157093996005699	1212.888024780492	-27481.12148320302	inf
powernorm	0.000521225990926718	1217.957264906445	-27461.71360571243	inf
foldnorm	0.0005213053113499642	1215.0813398187709	-27461.43604962953	inf
