	sumsquare_error	aic	bic	kl_div
invgamma	0.00017115215400755914	2064.1113241903927	-29492.976113935892	inf
gamma	0.00018565701076283232	1878.39268757519	-29344.597374975892	inf
f	0.00018959544216669408	1859.0876697285535	-29298.799896485183	inf
lognorm	0.00018985974325734525	1856.0214773821308	-29303.767749781	inf
beta	0.00019017443168624124	1857.0441511776544	-29293.238224669723	inf
