	sumsquare_error	aic	bic	kl_div
chi2	0.0005681798696345413	1407.4483477685676	-27304.385709610884	inf
chi	0.0005722423798753166	1360.7647923895902	-27291.390435226003	inf
invgamma	0.0005747676437721444	1452.4633824557518	-27283.358964367213	inf
lognorm	0.0005803628380256754	1355.6589987333832	-27265.688728327495	inf
powerlognorm	0.0005832929358286451	1346.5984353806757	-27248.994218354426	inf
