	sumsquare_error	aic	bic	kl_div
gennorm	0.00022458468963752135	1423.3068034308687	-28997.395455575584	inf
loggamma	0.0002304676485324723	1401.3877347238467	-28950.23114500601	inf
norm	0.00023423106066541242	1410.380209045369	-28928.195568593535	inf
powernorm	0.00023433346129447978	1412.651072917475	-28919.88954329821	inf
chi	0.00023694716257515263	1434.3666454771508	-28899.65769088054	inf
