	sumsquare_error	aic	bic	kl_div
gennorm	0.000528399588310298	1266.1069033962324	-27436.78120006632	inf
beta	0.0006014048014931495	1236.8726477085047	-27193.218612288205	inf
loggamma	0.0006203856695036742	1216.238986526446	-27144.050105456485	inf
foldnorm	0.0006297156177320612	1209.448096841076	-27116.823285155504	inf
powernorm	0.0006303829299717899	1212.7865822476383	-27114.891408253865	inf
