	sumsquare_error	aic	bic	kl_div
invgauss	0.0002667799116614089	2258.4123955039086	-28683.355287378898	inf
invgamma	0.0003780985130581653	1775.0975585947187	-28047.270379976777	inf
beta	0.0004401449351683104	1725.3670523152236	-27762.606083174018	inf
gamma	0.0004477186015194912	1712.5713612185784	-27738.995893308685	inf
powerlognorm	0.0004524701320893676	1726.7828736791753	-27712.231428020095	inf
