	sumsquare_error	aic	bic	kl_div
gennorm	0.00022352620554185094	1252.165371807617	-29006.012423393317	inf
beta	0.00023342296183480264	1243.3533745643647	-28919.481687423613	inf
loggamma	0.00026755226298824875	1202.6018165209355	-28678.08227606451	inf
powernorm	0.0002686337090204422	1201.8134722938678	-28670.72452953447	inf
norm	0.0002686369863221069	1199.8539625074313	-28678.211064241725	inf
