	sumsquare_error	aic	bic	kl_div
rayleigh	0.0001323005831885261	inf	-29970.12198458406	inf
invgamma	0.00021400014595826267	1855.3649374821352	-29085.451199996947	inf
gamma	0.0002600330816958849	1840.2116774481178	-28730.07733442258	inf
f	0.00026150630738026214	1843.0766461380008	-28712.26378081688	inf
lognorm	0.0002625304041419666	1841.8470258498687	-28712.643468707884	inf
