	sumsquare_error	aic	bic	kl_div
invgamma	0.00028389205787989575	1521.2569842987275	-28569.957078893145	inf
f	0.0002873664354948555	1494.758540906453	-28540.26098778155	inf
lognorm	0.00028886875860614997	1492.5492829694613	-28538.258923856367	inf
powerlognorm	0.00029040071265014675	1491.1428385725399	-28521.10250003506	inf
beta	0.00029221455734170946	1494.6221237835389	-28509.745216500094	inf
