	sumsquare_error	aic	bic	kl_div
gennorm	0.0005914812964305866	1177.6259563419574	-27231.075461735152	inf
powerlognorm	0.0006916154217386054	1235.360753353869	-26938.29309306962	inf
lognorm	0.000700725272767404	1234.1069424983607	-26921.933289088283	inf
gamma	0.0007025833225579009	1234.702358443374	-26917.103154348664	inf
beta	0.0007056357243244938	1235.963084592416	-26901.687089465733	inf
