	sumsquare_error	aic	bic	kl_div
gennorm	6.300688010426514e-05	1247.4595498373626	-183116.22979910413	0.03484459913063925
genlogistic	0.00017660040785591485	1243.173073523607	-173104.53776826122	0.06588678739088477
logistic	0.00017935799657387352	1240.7032299581624	-172963.20851308116	0.0667030116843445
norm	0.0002675390030405854	1227.598991590087	-169078.75892203816	0.08697313447335844
gamma	0.0002679966163970309	1229.558558899844	-169052.97643497612	0.08717119285369161
