	sumsquare_error	aic	bic	kl_div
norm	0.00024730565622871147	1220.9350805332574	-170471.25449280802	0.08785848815487865
