	sumsquare_error	aic	bic	kl_div
norm	0.00017373262596225746	1537.2860000291819	-133007.86814604257	inf
