	sumsquare_error	aic	bic	kl_div
gennorm	6.688252740543477e-05	1240.8440057612547	-183229.2024924082	0.038522468116779146
genlogistic	0.00017008254681919686	1235.7426683254191	-174130.01106607824	0.06757128324006875
logistic	0.0001725931430416517	1233.3798438305023	-173996.3423128235	0.06817727566519906
norm	0.0002526625173620365	1220.0492696416616	-170280.82659272305	0.08646645904196414
gamma	0.0002528541888867034	1222.0572260378226	-170264.24881800998	0.08651237464579087
