	sumsquare_error	aic	bic	kl_div
gennorm	2.5482592654822317e-05	1661.7506915891822	-143499.2485518418	inf
gengamma	2.698847704564093e-05	1770.1007610548527	-143067.3717483258	inf
norm	2.7387147149197213e-05	1751.2628299084556	-142977.1529006019	inf
gamma	2.929825322153465e-05	1731.8296434729903	-142471.31395657666	inf
genlogistic	3.810885775368648e-05	1490.2468998409986	-140534.39082655378	inf
