	sumsquare_error	aic	bic	kl_div
gennorm	6.809724845326017e-05	1240.9034121903176	-183033.95062295184	0.04043304015336851
genlogistic	0.0001644435758444442	1236.4383688451508	-174439.8145637771	0.06861525935731785
logistic	0.00016790602695248178	1234.0439531723664	-174245.88077171013	0.06930003574076203
norm	0.00024730565622871147	1220.9350805332574	-170471.25449280802	0.08785848815487865
gamma	0.00024746405622269016	1222.954469020212	-170455.82805164313	0.08785437641651993
