	sumsquare_error	aic	bic	kl_div
norm	2.6038575204578152e-05	1773.3541360546926	-143471.91250845676	inf
