	sumsquare_error	aic	bic	kl_div
norm	3.135527512832982e-05	1726.51930194222	-141960.0591724472	inf
