	sumsquare_error	aic	bic	kl_div
norm	2.5686977821538157e-05	1737.0148546410578	-143408.35363569568	inf
