	sumsquare_error	aic	bic	kl_div
norm	3.834078432762102e-05	1757.8391508312643	-140498.59666993693	inf
