	sumsquare_error	aic	bic	kl_div
norm	0.0004965059677705127	1229.0792393930924	-151407.64674436543	0.2613843369942557
