	sumsquare_error	aic	bic	kl_div
weibull_max	2.7859144308346013e-05	1728.0457217696496	-142801.57987381655	inf
gamma	2.892240352951368e-05	1607.222715482919	-142525.7219609601	inf
gengamma	2.988926772680185e-05	1617.4996273107738	-142274.63436587097	inf
genlogistic	3.5202033021779965e-05	1442.0963140747122	-141078.59274749566	inf
gennorm	4.734792786552865e-05	1509.0136269088139	-138895.46519692353	inf
