	sumsquare_error	aic	bic	kl_div
genlogistic	0.00011123405287260191	1380.6943643286913	-142678.69679395066	0.09208404923142394
gennorm	0.00011695049196234949	1336.670058060006	-142283.09582158082	0.07792507754487642
logistic	0.00011830455779165783	1379.6119996309792	-142201.19712507701	0.09301584849253104
norm	0.000390323616125258	1354.4315303332874	-132778.01973792556	0.2056851563960342
gamma	0.0003903511718201177	1356.4363297862883	-132768.48860624724	0.20566086083177665
