	sumsquare_error	aic	bic	kl_div
norm	8.286812421753904e-05	1672.997806358851	-136423.17701668787	inf
