	sumsquare_error	aic	bic	kl_div
gennorm	9.56750863838706e-05	1333.9921422151083	-156527.59192481343	inf
genlogistic	0.00021160863524919267	1377.8215030297454	-149739.97423433606	inf
logistic	0.00022652738084977855	1373.4021660896342	-149166.47135947653	inf
norm	0.0005106546062053213	1373.9676251500878	-142215.98238178628	inf
gamma	0.0005153093549937673	1374.1690696534988	-142129.33710040792	inf
