	sumsquare_error	aic	bic	kl_div
norm	1.6819124734368894e-05	1682.8621357984389	-146548.08941088943	inf
