	sumsquare_error	aic	bic	kl_div
norm	0.000390323616125258	1354.4315303332874	-132778.01973792556	0.2056851563960342
