	sumsquare_error	aic	bic	kl_div
norm	5.27836795865059e-05	1311.2389149055402	-138064.44215668424	inf
