	sumsquare_error	aic	bic	kl_div
genextreme	1.6380966793268786e-05	1931.9668725206964	-146712.697976139	inf
gamma	1.8414831533392354e-05	1730.7467592822768	-145850.7256115559	inf
genlogistic	2.3106117741756007e-05	1516.5570965511818	-144179.3050121386	inf
gennorm	3.583004775639606e-05	1638.0882547172343	-140948.35725408397	inf
norm	3.612348440640657e-05	1654.0313170654204	-140897.19039837876	inf
