	sumsquare_error	aic	bic	kl_div
norm	2.2071485719394053e-05	1628.191391587007	-144525.60666169695	inf
