	sumsquare_error	aic	bic	kl_div
gamma	2.358400083708941e-05	1551.5826020358932	-143987.41734062374	inf
genextreme	2.615116878493467e-05	1688.2302929157063	-143226.6329106535	inf
norm	3.118418828997464e-05	1518.353362633056	-141939.52178399006	inf
gennorm	3.123391728463911e-05	1518.7756800865811	-141918.8852389781	inf
genlogistic	4.028360777278666e-05	1413.9413078402608	-140045.44326588986	inf
