	sumsquare_error	aic	bic	kl_div
gennorm	0.00012045337516025983	1266.2732646866543	-164226.26119658683	0.10029630859034915
genlogistic	0.0002913681289028382	1257.7697624973193	-156225.98879522918	0.18292120645191226
logistic	0.00029639267899918845	1254.9106038869722	-156080.2464193882	0.18532998325667538
gamma	0.0004964827514148736	1231.0776809603733	-151398.95896156368	0.26139725858803653
norm	0.0004965059677705127	1229.0792393930924	-151407.64674436543	0.2613843369942557
