	sumsquare_error	aic	bic	kl_div
genlogistic	1.882174002223078e-05	1655.6876505368307	-145918.39346203464	inf
gennorm	1.910910101833241e-05	1812.8028207732027	-145806.63136021054	inf
logistic	2.0883488144061637e-05	1659.6014205996973	-145160.59213103872	inf
gengamma	2.708192269128997e-05	2113.0009282995666	-143225.70140360977	inf
norm	3.052534800789042e-05	2093.819370412195	-142360.6727474499	inf
