	sumsquare_error	aic	bic	kl_div
gamma	2.4339745690900113e-05	1748.9403659467555	-143796.2276502381	inf
gennorm	2.5385385715904327e-05	1641.959476656314	-143486.43362861924	inf
norm	2.5686977821538157e-05	1737.0148546410578	-143408.35363569568	inf
genlogistic	3.17049503217867e-05	1511.9396377569399	-141849.20011386613	inf
logistic	3.5970593796305714e-05	1497.4220770917814	-140928.42849891508	inf
