	sumsquare_error	aic	bic	kl_div
gamma	2.943814209058287e-05	1370.9351316693012	-142354.87360097063	inf
norm	3.2116157985865854e-05	1360.7267286826857	-141722.69552119117	inf
gennorm	3.2166667670694316e-05	1361.1981513667527	-141702.22046652072	inf
genextreme	3.329720846664334e-05	1433.2682811069396	-141447.88173622903	inf
weibull_max	3.35825192042471e-05	1433.1479298778743	-141385.05983853075	inf
