	sumsquare_error	aic	bic	kl_div
norm	3.612348440640657e-05	1654.0313170654204	-140897.19039837876	inf
