	sumsquare_error	aic	bic	kl_div
gennorm	0.00010884421135079062	1265.2043365832021	-173638.03469965837	0.07544207318918061
genlogistic	0.0003388204561800408	1255.6588202767557	-162852.55484085294	0.15557857626693286
logistic	0.00034236385454882123	1252.9974265758185	-162762.89900787352	0.15706145704044164
gamma	0.0005146723468207334	1234.4446651361322	-158881.81963935948	0.20658457097599053
norm	0.000514685271217643	1232.4865414275457	-158890.73996612342	0.20639721728525753
