	sumsquare_error	aic	bic	kl_div
norm	3.6212953999335e-05	1799.8443827247922	-141503.07651051763	inf
