	sumsquare_error	aic	bic	kl_div
gennorm	6.82928873334979e-05	1241.7404503913967	-183500.42282229307	0.04073957317579083
genlogistic	0.00016027008677616772	1237.609076598907	-175163.51814568668	0.06847659868948539
logistic	0.0001656367182236061	1234.9845228257625	-174850.8169991822	0.0695940700954996
norm	0.00024648041101718446	1221.5038005523697	-170966.19046436378	0.0893083141508193
gamma	0.00024716365056101625	1223.4886835487198	-170929.94997245818	0.08935120829389846
