	sumsquare_error	aic	bic	kl_div
norm	5.710436321878486e-05	1988.0862032402283	-137465.45797174075	inf
