	sumsquare_error	aic	bic	kl_div
gennorm	5.4449839346599135e-05	1255.2684858610223	-183594.27377620255	0.03202902707999977
genlogistic	0.0001893923511814729	1251.4318352633293	-171543.96292907925	0.0678606958547474
logistic	0.00019120042453649072	1249.1682295653227	-171461.28912181236	0.06833499216051538
norm	0.0002906736469349373	1236.4664824054078	-167411.98651862078	0.09097497066196092
gamma	0.0002906971782587318	1238.473290770119	-167402.02749037268	0.09103159698191697
