	sumsquare_error	aic	bic	kl_div
norm	1.877357385182616e-05	1854.356018150981	-145883.83363296482	inf
