	sumsquare_error	aic	bic	kl_div
norm	3.118418828997464e-05	1518.353362633056	-141939.52178399006	inf
