	sumsquare_error	aic	bic	kl_div
norm	0.00016508309932470778	1769.7594387103372	-131232.77450844817	inf
