	sumsquare_error	aic	bic	kl_div
norm	3.2116157985865854e-05	1360.7267286826857	-141722.69552119117	inf
