	sumsquare_error	aic	bic	kl_div
genlogistic	1.2951975739783437e-05	1529.5035286530733	-150241.47696114445	inf
logistic	1.3091315874595009e-05	1528.8435447536	-150170.6722925821	inf
gennorm	5.764781341128272e-05	1490.809801717845	-139117.85235467143	inf
norm	8.286812421753904e-05	1672.997806358851	-136423.17701668787	inf
gamma	8.456161623990786e-05	1681.673318866695	-136263.54772957528	inf
