	sumsquare_error	aic	bic	kl_div
norm	3.5252404623719445e-05	1420.2340313051463	-141056.80885267231	inf
