	sumsquare_error	aic	bic	kl_div
genlogistic	2.459032429348413e-05	1865.6195888405719	-168413.6981523485	inf
logistic	2.514255486964714e-05	1874.285650351806	-168232.5574872185	inf
norm	3.763681141116244e-05	2704.3073376481966	-164777.66197291398	inf
gennorm	4.006598974737056e-05	2097.4155383366615	-164232.9692139476	inf
gamma	6.34734297724564e-05	2758.6999624806963	-160292.72804244052	inf
