	sumsquare_error	aic	bic	kl_div
genlogistic	1.4673158124552502e-05	1552.8918572557664	-148175.69242266912	inf
logistic	1.511788265843919e-05	1554.4249301433304	-147963.76781105436	inf
gennorm	2.5390062800326357e-05	1597.5873959618266	-144120.18440894046	inf
norm	3.6212953999335e-05	1799.8443827247922	-141503.07651051763	inf
gamma	4.1468420646511835e-05	1808.8917473590855	-140491.89673710646	inf
