	sumsquare_error	aic	bic	kl_div
norm	4.783503833703491e-05	1519.658608274985	-138828.9864565034	inf
