	sumsquare_error	aic	bic	kl_div
norm	0.00032325783545206557	1222.5487712343067	-164382.0388179131	0.12685727937825791
