	sumsquare_error	aic	bic	kl_div
norm	0.0005106546062053213	1373.9676251500878	-142215.98238178628	inf
