	sumsquare_error	aic	bic	kl_div
gamma	2.490077234511971e-05	1431.2364446909905	-143607.88806225255	inf
gengamma	2.4975017350308602e-05	1434.7005517758812	-143577.0596148729	inf
genextreme	2.9529446078605157e-05	1495.7959638810255	-142352.40620618593	inf
weibull_max	2.9529514784764717e-05	1495.7953668666541	-142352.3890723877	inf
norm	3.5252404623719445e-05	1420.2340313051463	-141056.80885267231	inf
