	sumsquare_error	aic	bic	kl_div
gennorm	7.849058799612891e-05	1278.2348910027804	-162241.20751522615	0.05883393851624686
genlogistic	0.00022878227715207545	1279.8110109075328	-152873.0382965495	0.11796095275430736
logistic	0.00024854000005732627	1274.8761388027456	-152156.74730579558	0.12434647049363652
norm	0.00045835515149045345	1248.4138965071613	-146797.10842887004	0.19547634007826287
gamma	0.0004693639296155418	1248.40487501886	-146580.19118990423	0.19804389767319158
