	sumsquare_error	aic	bic	kl_div
norm	0.00026846681111897827	1221.8889208322892	-169413.2282672178	0.10159232865913782
