	sumsquare_error	aic	bic	kl_div
gennorm	0.00012127850085436757	1296.0549831089872	-150916.6378440516	0.08541237258227982
genlogistic	0.00020032629190141005	1311.1652089317924	-146719.59992626755	0.13741224558470555
logistic	0.00021819574283599873	1306.6095361756065	-146014.0544104472	0.1430103513404374
norm	0.0004853918135954065	1273.5533185015165	-139327.30180709908	0.2519336034396966
gamma	0.0004945602360256234	1274.3101963513634	-139161.77736501323	0.25459978936049155
