	sumsquare_error	aic	bic	kl_div
genlogistic	2.6880414861789565e-05	1631.1650399972505	-143146.69049643114	inf
gennorm	2.703980696488807e-05	1811.4203356808077	-143103.12376806073	inf
logistic	2.879732546559076e-05	1634.0718434436553	-142647.98515456668	inf
norm	3.514651051393484e-05	2048.9349417559692	-141179.76479824717	inf
gamma	4.7309101841284135e-05	2058.78734569079	-138980.959752872	inf
