	sumsquare_error	aic	bic	kl_div
norm	0.00038893493432595337	1232.8063313378232	-155703.68382206952	0.15676845512987103
