	sumsquare_error	aic	bic	kl_div
norm	0.0002906736469349373	1236.4664824054078	-167411.98651862078	0.09097497066196092
