	sumsquare_error	aic	bic	kl_div
gamma	2.0206675502283862e-05	1497.709746674872	-145187.55026724323	inf
norm	2.5012941235672607e-05	1504.0399833501353	-143624.69545921165	inf
gennorm	2.5203346649121147e-05	1490.73394089353	-143559.931144698	inf
genlogistic	3.757490763684788e-05	1374.6248496565809	-140618.2476806912	inf
logistic	4.999398746633063e-05	1369.745946376233	-138523.67116604745	inf
