	sumsquare_error	aic	bic	kl_div
genlogistic	2.4151976632039908e-05	1640.9915299442034	-143791.66017994043	inf
logistic	2.4863616455844422e-05	1644.5460590665414	-143586.77676711834	inf
gennorm	4.501099884518928e-05	1668.4202954380753	-139208.51588651686	inf
norm	5.710436321878486e-05	1988.0862032402283	-137465.45797174075	inf
gamma	6.671230709489165e-05	1998.274003909924	-136311.69719601492	inf
