	sumsquare_error	aic	bic	kl_div
gamma	2.5854451903893528e-05	1469.8505649900965	-143351.58663681222	inf
gennorm	2.6842081001169278e-05	1435.7857437503023	-143075.48725245416	inf
norm	2.8209242783735784e-05	1460.6100372093613	-142718.5070912286	inf
genlogistic	3.9125567328432546e-05	1363.7848436608774	-140300.31617016345	inf
logistic	4.389895439246805e-05	1352.2206194087364	-139461.40345688752	inf
