	sumsquare_error	aic	bic	kl_div
norm	5.161491536747331e-05	1939.653886067733	-138802.8606395394	inf
