	sumsquare_error	aic	bic	kl_div
gennorm	7.297611386537625e-05	1249.7346240022432	-178596.72964761022	0.050231740429658056
genlogistic	0.00019671770953141117	1243.2764994551812	-169119.649350346	0.09168341258810414
logistic	0.00020803651974929098	1239.9259825489967	-168594.1586661517	0.09457367124743385
norm	0.00032325783545206557	1222.5487712343067	-164382.0388179131	0.12685727937825791
gamma	0.000324546594664045	1224.4685872159248	-164334.84784307596	0.1269665602530732
