	sumsquare_error	aic	bic	kl_div
gennorm	0.0001473532656336134	1271.4495050927087	-167611.526193919	0.11773241257111794
genlogistic	0.0004487377293834752	1256.1071843163052	-157219.3575768857	0.2383734211598881
logistic	0.0004546028132159328	1253.1263559176953	-157107.31805543444	0.24138208621251944
norm	0.0006790032758495501	1226.80201727861	-153363.30236943488	0.31779613633834275
gamma	0.0006793293285383967	1228.6782535302393	-153349.68107834732	0.31836706847432256
