	sumsquare_error	aic	bic	kl_div
norm	0.0004853918135954065	1273.5533185015165	-139327.30180709908	0.2519336034396966
