	sumsquare_error	aic	bic	kl_div
norm	3.052534800789042e-05	2093.819370412195	-142360.6727474499	inf
