	sumsquare_error	aic	bic	kl_div
gennorm	2.0141551849571034e-05	1590.2923008713276	-145190.61144458162	inf
norm	2.2071485719394053e-05	1628.191391587007	-144525.60666169695	inf
gamma	2.2113292730871525e-05	1629.9953366210639	-144502.76484586418	inf
genlogistic	3.746018670530963e-05	1440.3628975338165	-140620.67502223555	inf
logistic	3.759377976064761e-05	1436.496739189322	-140603.36067862716	inf
