	sumsquare_error	aic	bic	kl_div
gennorm	1.6180201877959947e-05	1639.0919069103545	-146824.45690408943	inf
norm	1.6819124734368894e-05	1682.8621357984389	-146548.08941088943	inf
gamma	1.6917669350949193e-05	1695.0892865247015	-146496.15273048307	inf
genlogistic	3.295966347130546e-05	1476.719172718961	-141583.5765857082	inf
logistic	3.382343751267519e-05	1463.269918255069	-141401.92658968573	inf
