	sumsquare_error	aic	bic	kl_div
genlogistic	1.865527188479492e-05	1544.693396550113	-145921.53613243703	inf
gamma	2.1198734063039608e-05	1783.3646192029428	-144979.1732062662	inf
gennorm	2.1775193702247158e-05	1667.8834541844624	-144781.35596694716	inf
norm	2.6038575204578152e-05	1773.3541360546926	-143471.91250845676	inf
logistic	2.977355339756282e-05	1522.62697884852	-142483.62504949822	inf
