	sumsquare_error	aic	bic	kl_div
genextreme	3.092514452833269e-05	1349.8652778607302	-141992.03668105745	inf
gamma	3.190402110615013e-05	1319.7841734873057	-141762.58746192214	inf
genlogistic	4.469197444521206e-05	1273.4867954539545	-139280.80078384688	inf
norm	5.27836795865059e-05	1311.2389149055402	-138064.44215668424	inf
gennorm	5.326156823467967e-05	1316.9747387250427	-137989.17535743327	inf
