	sumsquare_error	aic	bic	kl_div
genlogistic	1.2179457093612299e-05	1583.7008797752806	-150359.9504718145	inf
logistic	1.2417977802728915e-05	1583.3179992192904	-150224.68514892546	inf
gennorm	3.7557001604781554e-05	1546.903565981039	-141988.45516979534	inf
norm	9.077378433479734e-05	1797.3669078758028	-135436.78441958493	inf
gamma	9.109204833660614e-05	1800.3981694795766	-135401.85167221504	inf
