	sumsquare_error	aic	bic	kl_div
norm	0.0002675390030405854	1227.598991590087	-169078.75892203816	0.08697313447335844
