	sumsquare_error	aic	bic	kl_div
norm	2.8807233001654138e-05	1577.6299910518053	-142564.01281951996	inf
