	sumsquare_error	aic	bic	kl_div
gamma	2.6695663454042953e-05	1778.3186614927652	-143156.64211569246	inf
genlogistic	2.7603867760692556e-05	1542.8210220743306	-142910.18086636922	inf
genextreme	3.2200037200846756e-05	2028.7076289502659	-141775.57660842364	inf
gennorm	3.8058490953970715e-05	1705.3223429714294	-140544.13390607235	inf
norm	3.834078432762102e-05	1757.8391508312643	-140498.59666993693	inf
