	sumsquare_error	aic	bic	kl_div
norm	9.077378433479734e-05	1797.3669078758028	-135436.78441958493	inf
