	sumsquare_error	aic	bic	kl_div
norm	2.7387147149197213e-05	1751.2628299084556	-142977.1529006019	inf
