	sumsquare_error	aic	bic	kl_div
norm	2.8209242783735784e-05	1460.6100372093613	-142718.5070912286	inf
