	sumsquare_error	aic	bic	kl_div
norm	5.4286215116217755e-05	1793.1197425946905	-138548.24014638035	inf
