	sumsquare_error	aic	bic	kl_div
genlogistic	1.4930087009688751e-05	1561.8876872937155	-148089.34938415317	inf
logistic	1.9009509193745183e-05	1553.2482304308248	-146311.19082223825	inf
gennorm	2.3824773156827607e-05	1584.2426788341154	-144631.91266131637	inf
gamma	5.329329357844067e-05	1793.623665999192	-138675.89700549835	inf
norm	5.4286215116217755e-05	1793.1197425946905	-138548.24014638035	inf
