	sumsquare_error	aic	bic	kl_div
genlogistic	3.0056214588653096e-05	1480.8448313136978	-146267.82762748448	inf
logistic	3.2328319347675114e-05	1480.8522009727255	-145725.61139211996	inf
gennorm	9.862582948900259e-05	1420.6332624464715	-137280.98894831483	inf
norm	0.00017373262596225746	1537.2860000291819	-133007.86814604257	inf
gamma	0.00017965554012543047	1543.2782503819953	-132745.39612019242	inf
