	sumsquare_error	aic	bic	kl_div
gennorm	0.00021067764332452903	1284.1575151222517	-156897.3324686398	0.22100777795890356
genlogistic	0.0005668458555723	1267.4356723604424	-148053.84296418077	0.4071670756707737
logistic	0.0005776688517705865	1263.8671182446856	-147893.94967593724	0.413788829324992
norm	0.0009058901978317941	1226.6351352113807	-143873.9384166104	0.5779421192650769
gamma	0.0009061230025752653	1228.5542466955965	-143862.54477432094	0.5785413647130865
