	sumsquare_error	aic	bic	kl_div
norm	0.0003544272943180427	1239.1344606461312	-164407.9104960484	0.12295197939903581
