	sumsquare_error	aic	bic	kl_div
norm	3.514651051393484e-05	2048.9349417559692	-141179.76479824717	inf
