	sumsquare_error	aic	bic	kl_div
norm	2.5012941235672607e-05	1504.0399833501353	-143624.69545921165	inf
