	sumsquare_error	aic	bic	kl_div
gennorm	7.68779066218943e-05	1262.4213817782202	-170565.76805820427	0.05255434194053956
genlogistic	0.00021407705222349573	1258.4228108803331	-161171.53848563688	0.10332948068563591
logistic	0.00023184900000489442	1254.0332660197205	-160449.1130916484	0.108447821526217
norm	0.00038893493432595337	1232.8063313378232	-155703.68382206952	0.15676845512987103
gamma	0.0003939303947096179	1234.2815632158608	-155577.4924643919	0.1577511000600438
