	sumsquare_error	aic	bic	kl_div
norm	3.809103252435708e-05	1381.9909144425742	-140466.42325855457	inf
