	sumsquare_error	aic	bic	kl_div
norm	0.0002526625173620365	1220.0492696416616	-170280.82659272305	0.08646645904196414
