	sumsquare_error	aic	bic	kl_div
norm	1.8872931317408675e-05	1740.818476713966	-145741.0018258554	inf
