	sumsquare_error	aic	bic	kl_div
logistic	1.7743624818669147e-05	1547.6797458861447	-147863.58715360076	inf
genlogistic	1.7829537902160054e-05	1549.2371534996512	-147818.69591161583	inf
gennorm	5.109917044969801e-05	1515.6714288782873	-139976.6092084134	inf
gamma	8.770921589153684e-05	1723.8506741533656	-135952.76229967107	inf
norm	8.781896133184681e-05	1721.7190153304375	-135952.36457675524	inf
