	sumsquare_error	aic	bic	kl_div
gennorm	1.8010777642789405e-05	1647.685282817433	-146076.61247217347	inf
norm	1.8872931317408675e-05	1740.818476713966	-145741.0018258554	inf
gamma	1.893551965990535e-05	1737.3936784358389	-145707.70283687965	inf
genlogistic	3.199521763849669e-05	1486.0397995235207	-141842.84100177098	inf
logistic	3.247840224363309e-05	1486.1971198700176	-141741.30784108667	inf
