	sumsquare_error	aic	bic	kl_div
norm	3.763681141116244e-05	2704.3073376481966	-164777.66197291398	inf
