	sumsquare_error	aic	bic	kl_div
gamma	1.9369118225881905e-05	1646.032240976804	-145478.61964965053	inf
gengamma	1.9576832525719997e-05	1649.5019437782212	-145391.1534412379	inf
genextreme	2.3037452569290494e-05	1811.7243213164354	-144201.2243983102	inf
gennorm	2.8059327358957043e-05	1556.6537066882875	-142748.84758617953	inf
norm	2.8807233001654138e-05	1577.6299910518053	-142564.01281951996	inf
