	sumsquare_error	aic	bic	kl_div
gennorm	6.329035190584745e-05	1261.2099912887636	-180949.3948316684	0.04189489139083929
genlogistic	0.0002261905935060264	1256.6558010224978	-168713.48655791598	0.09009480969707831
logistic	0.0002282332904726741	1254.2812219169796	-168636.28668852968	0.09088707043612952
norm	0.0003544272943180427	1239.1344606461312	-164407.9104960484	0.12295197939903581
gamma	0.0003545061481755265	1241.0751875569051	-164396.60309747604	0.12315173527273067
