	sumsquare_error	aic	bic	kl_div
norm	0.00045835515149045345	1248.4138965071613	-146797.10842887004	0.19547634007826287
