	sumsquare_error	aic	bic	kl_div
norm	8.781896133184681e-05	1721.7190153304375	-135952.36457675524	inf
