	sumsquare_error	aic	bic	kl_div
norm	0.0006790032758495501	1226.80201727861	-153363.30236943488	0.31779613633834275
