	sumsquare_error	aic	bic	kl_div
genlogistic	1.5567943257793862e-05	1543.8636737506768	-148535.17709545154	inf
logistic	1.6738494019922817e-05	1545.1151305561496	-148005.14660059687	inf
gennorm	3.885839516034858e-05	1524.9957117389106	-141735.22098935855	inf
norm	7.244651807953529e-05	1731.016718168552	-137113.3143517683	inf
gamma	7.270399279841287e-05	1733.0369548756453	-137078.0269556919	inf
