	sumsquare_error	aic	bic	kl_div
genlogistic	2.043226649021439e-05	1600.4367631839204	-146783.12653961813	inf
logistic	2.248148399216933e-05	1602.7124156882	-146080.2824604235	inf
gennorm	8.455577935965363e-05	1519.2229922684146	-136206.18159194727	inf
norm	0.00016508309932470778	1769.7594387103372	-131232.77450844817	inf
gamma	0.00017082632125427045	1770.039943888231	-130969.18348842309	inf
