	sumsquare_error	aic	bic	kl_div
gamma	2.6498356195225536e-05	1415.736943647794	-143129.5236600753	inf
norm	3.809103252435708e-05	1381.9909144425742	-140466.42325855457	inf
gennorm	3.817603817347328e-05	1385.722928365118	-140441.10574373984	inf
genlogistic	3.8659583250326796e-05	1336.2030024668811	-140348.4302544726	inf
logistic	5.8578479650323875e-05	1304.9578971838541	-137297.4727326386	inf
