	sumsquare_error	aic	bic	kl_div
norm	0.000514685271217643	1232.4865414275457	-158890.73996612342	0.20639721728525753
