	sumsquare_error	aic	bic	kl_div
norm	0.0008017736766451476	1225.1204134879351	-148050.09794234255	0.4551458719839648
