	sumsquare_error	aic	bic	kl_div
gennorm	0.0002172092406342182	1276.432658673284	-159943.5475529799	0.17861053560108808
genlogistic	0.0005176586144240577	1259.9905995460133	-152028.45006859145	0.33352181083993443
logistic	0.0005249842869322033	1256.9346687688217	-151909.4944902242	0.3376900341193043
gamma	0.000801712924480201	1227.1074576624944	-148041.67098947527	0.45535498500943583
norm	0.0008017736766451476	1225.1204134879351	-148050.09794234255	0.4551458719839648
