	sumsquare_error	aic	bic	kl_div
gennorm	0.00017553073024104813	1343.2938623477476	-151487.97754119008	0.09118044464086558
genlogistic	0.00042763167434631467	1391.732266602271	-143866.63206112225	0.19401728709976288
logistic	0.00045185400271480957	1388.195126199736	-143404.11265781525	0.20216095424399633
norm	0.0009038609095360821	1361.4750768257334	-137470.01791024095	0.33718870104775195
gamma	0.0009182386229924877	1360.0651685744372	-137325.88668273963	0.34032895119364076
