	sumsquare_error	aic	bic	kl_div
gennorm	1.3422370939895058e-05	1694.6536736946946	-148348.77191787187	inf
norm	1.877357385182616e-05	1854.356018150981	-145883.83363296482	inf
genlogistic	1.884199432467132e-05	1558.9932936083833	-145848.10592976952	inf
logistic	1.898776604196382e-05	1557.7710003547636	-145800.1895694991	inf
gamma	1.9645666354532512e-05	1856.4884590167312	-145540.14565254143	inf
