	sumsquare_error	aic	bic	kl_div
norm	7.244651807953529e-05	1731.016718168552	-137113.3143517683	inf
