	sumsquare_error	aic	bic	kl_div
norm	0.00024648041101718446	1221.5038005523697	-170966.19046436378	0.0893083141508193
