	sumsquare_error	aic	bic	kl_div
norm	0.0009058901978317941	1226.6351352113807	-143873.9384166104	0.5779421192650769
