	sumsquare_error	aic	bic	kl_div
norm	0.0009038609095360821	1361.4750768257334	-137470.01791024095	0.33718870104775195
