	sumsquare_error	aic	bic	kl_div
gennorm	6.796158032115143e-05	1244.3306459461237	-182776.46562001389	0.04428595363910729
genlogistic	0.00016906763991790156	1239.4547317881731	-173905.32319313654	0.07615809220365855
logistic	0.00017692463689001378	1236.5820773886899	-173472.33971511148	0.0778361447974717
norm	0.00026846681111897827	1221.8889208322892	-169413.2282672178	0.10159232865913782
gamma	0.00026955892513648254	1223.7877155293852	-169364.52762333324	0.10162042489230687
