	sumsquare_error	aic	bic	kl_div
genlogistic	1.1109533850349108e-05	1615.6538286987552	-150148.1165486741	inf
logistic	1.276926780854467e-05	1617.6610496398316	-149127.77972402674	inf
gennorm	1.9520765533277136e-05	1654.2887629830325	-145981.4298176811	inf
norm	5.161491536747331e-05	1939.653886067733	-138802.8606395394	inf
gamma	5.5087332220124135e-05	1946.9655355874202	-138312.6660465342	inf
