	sumsquare_error	aic	bic	kl_div
gennorm	2.8211784346791266e-05	1643.5540099728241	-142729.3189894075	inf
norm	3.135527512832982e-05	1726.51930194222	-141960.0591724472	inf
gamma	3.314711503110185e-05	1725.1626601432913	-141541.8025975795	inf
genlogistic	4.127154474327454e-05	1485.6717424128951	-139927.04584354276	inf
logistic	4.153187039548938e-05	1482.899672336635	-139889.63438706717	inf
