	sumsquare_error	aic	bic	kl_div
logistic	2.1124032445813122e-05	1694.6171116850383	-159515.62516423187	inf
genlogistic	2.1473977368213047e-05	1691.4631585117236	-159373.98564876034	inf
gennorm	3.777072871143783e-05	1760.5182433253274	-154815.22242753176	inf
norm	4.262792505687851e-05	2131.2311548893836	-153847.58651291794	inf
gamma	5.686130571759926e-05	2129.1622385924898	-151512.7144227751	inf
