	sumsquare_error	aic	bic	kl_div
logistic	2.7991127865240585e-05	1660.5302817468	-161054.61048677267	inf
genlogistic	2.848584290152832e-05	1653.1229057135815	-160900.89684053775	inf
gennorm	0.00011238362122265096	1549.2795844486036	-149565.32861855385	inf
norm	0.00025272789825551945	1887.6248359248457	-142881.2937138322	inf
gamma	0.0002742085940418347	1885.962646037373	-142198.54094972383	inf
