	sumsquare_error	aic	bic	kl_div
logistic	1.6627240128995788e-05	1631.333008479657	-162330.1816251388	inf
genlogistic	1.7461818379083634e-05	1628.8082390639054	-161923.75315653384	inf
gennorm	5.069454158380265e-05	1621.607401067933	-153274.77355133634	inf
norm	5.530173153833379e-05	1921.3624936854028	-152577.883825335	inf
gamma	6.703708946136605e-05	1911.6439824992306	-151007.21698238724	inf
