	sumsquare_error	aic	bic	kl_div
genlogistic	2.4688401212418443e-05	1681.3651467053955	-158289.07957652575	inf
logistic	2.50549143868571e-05	1676.4263643637069	-158179.07931456377	inf
norm	2.8290808427312417e-05	2099.863770959467	-157198.23353228671	inf
gamma	2.8331568784017552e-05	2102.1674707242883	-157177.611214002	inf
gennorm	3.581536684464768e-05	1770.4025882536375	-155284.8283465065	inf
