	sumsquare_error	aic	bic	kl_div
genlogistic	2.0267921119073236e-05	1759.3490577742248	-159757.41631030655	inf
logistic	2.029596369886161e-05	1756.640645770517	-159755.25558913543	inf
norm	2.128089253033749e-05	2315.6772771889828	-159372.88526986478	inf
gamma	2.1364262451757478e-05	2317.6722764826764	-159332.34016819438	inf
gennorm	3.4323128535000335e-05	1889.345908870689	-155506.82822779188	inf
