	sumsquare_error	aic	bic	kl_div
logistic	2.0412220513174168e-05	1751.671754166756	-160125.09066644887	inf
genlogistic	2.226458795426723e-05	1750.088112813651	-159413.45221249847	inf
norm	4.880491661604738e-05	2225.3113392109803	-153073.9312726334	inf
gengamma	5.2613876432702684e-05	2228.9519771403775	-152448.05580655168	inf
gennorm	5.368753096810236e-05	1768.2613197835558	-152293.64913967563	inf
