	sumsquare_error	aic	bic	kl_div
logistic	2.307576109688541e-05	1749.738977954842	-159029.6107694106	inf
genlogistic	2.4069307986792512e-05	1747.265133219045	-158679.83422619972	inf
norm	5.02266840837568e-05	2228.7728367293416	-152742.16920076887	inf
gennorm	5.901073151466124e-05	1776.4361031535564	-151430.2500249085	inf
gamma	5.9142501101920535e-05	2226.04259032948	-151412.2187656455	inf
