	sumsquare_error	aic	bic	kl_div
logistic	2.346771639180178e-05	1695.906066819203	-161269.8538896951	inf
genlogistic	2.4216592641962418e-05	1690.6592124180181	-161003.29235905546	inf
gennorm	0.00013076024119625088	1576.1617813796622	-147177.09415526903	inf
norm	0.00022256707547669638	1917.665415881746	-142825.36042679753	inf
gengamma	0.00023063659945279946	1917.2990987601806	-142515.33122643954	inf
