	sumsquare_error	aic	bic	kl_div
genlogistic	5.058595096451027e-05	1819.3709158200816	-156197.84975884543	inf
logistic	5.164903358318294e-05	1825.0334982578793	-156035.060121741	inf
gennorm	0.00022246060399449822	1607.7907395261589	-143962.6797959524	inf
norm	0.0005158901849399286	2073.196378625638	-137023.00935782838	inf
gamma	0.0005314569158103086	2064.841487315584	-136768.40531373522	inf
