	sumsquare_error	aic	bic	kl_div
logistic	1.875673293017102e-05	1439.566215968181	-160913.67768395162	inf
genlogistic	1.8878009286426074e-05	1440.1686643667074	-160852.51348350663	inf
gennorm	2.178093136676331e-05	1472.3637612162347	-159694.77067608613	inf
norm	3.559281635882011e-05	1568.4246514081074	-155728.73370700594	inf
gamma	3.8104286954394714e-05	1570.3443108173897	-155167.86191427283	inf
