	sumsquare_error	aic	bic	kl_div
genlogistic	4.446810319199038e-05	1811.4581655962736	-156841.90054782346	inf
logistic	4.6111942090020645e-05	1819.5230292821411	-156551.80683606237	inf
gennorm	0.00021388074390991203	1610.9678028196229	-143899.77389638926	inf
norm	0.0004566477117838919	2047.4166099137162	-137658.80310776443	inf
gamma	0.0005096309118984093	2014.2730630168844	-136745.24414823105	inf
