	sumsquare_error	aic	bic	kl_div
logistic	2.3111854946092646e-05	1633.0547257803116	-159492.47766101407	inf
genlogistic	2.5400215015405414e-05	1630.7020862156628	-158718.07948178958	inf
norm	5.135741742588098e-05	1938.9807938147685	-153019.33254775844	inf
gennorm	6.146802662701826e-05	1640.2898509372299	-151553.441148683	inf
gamma	6.506497975024813e-05	1926.272227376702	-151092.40163932118	inf
