	sumsquare_error	aic	bic	kl_div
gennorm	1.5368357721233514e-05	2773.924604329528	-177134.66883651298	inf
genlogistic	2.1892998523946195e-05	2206.6203355057487	-174025.68842682726	inf
logistic	2.193857105200289e-05	2203.979216301316	-174016.49938784182	inf
norm	4.1533656625761105e-05	3918.2439604611573	-168408.7665444984	inf
gamma	4.272523737982822e-05	3945.5411283700923	-168151.16761533835	inf
