	sumsquare_error	aic	bic	kl_div
gamma	4.5529090744667664e-05	3001.097207602307	-167532.4818895378	inf
norm	4.809971303734689e-05	2899.998093217655	-167059.15853771302	inf
gennorm	5.0796806850800324e-05	2520.3428903945314	-166570.9013372114	inf
genlogistic	6.841505235691104e-05	1940.1767505775854	-163955.68080126547	inf
logistic	8.450584222210124e-05	1822.8499355049485	-162109.54754938127	inf
