	sumsquare_error	aic	bic	kl_div
genlogistic	4.2257336027499085e-05	1259.9290161488732	-168167.30908679028	inf
logistic	7.242150413212293e-05	1237.2452361028356	-163445.3039513455	inf
gennorm	7.714874577024692e-05	1268.247064038273	-162880.9196467225	inf
gamma	0.00011207166870505462	1350.0010293587627	-159601.69235659073	inf
gengamma	0.000117193141401608	1377.5354357288725	-159200.19007867304	inf
