	sumsquare_error	aic	bic	kl_div
gennorm	6.199028599824132e-05	1311.157289344212	-164920.6630752358	inf
gamma	8.574848527047768e-05	1364.951961629378	-162069.47797441288	inf
norm	9.093255665367639e-05	1357.2456166458182	-161562.70637593124	inf
genlogistic	9.581737189790926e-05	1232.8073860701013	-161093.78515818832	inf
logistic	0.00010857060326493994	1223.685863305544	-160004.7470046893	inf
