	sumsquare_error	aic	bic	kl_div
gengamma	2.0928035887203823e-05	1854.0721342613374	-174370.94620132796	inf
gamma	2.135096235698885e-05	1844.7208063658304	-174204.2843125011	inf
norm	2.607153666270247e-05	1849.8767794185912	-172458.78422458074	inf
gennorm	2.8268963797505954e-05	1783.34960495852	-171738.89920652556	inf
genlogistic	8.165609283280075e-05	1488.3595008253212	-162421.25433484904	inf
