	sumsquare_error	aic	bic	kl_div
gennorm	1.7159026672636386e-05	2230.7695265998577	-176124.22464465653	inf
gamma	2.220331122723058e-05	2636.0086027894663	-173860.43798616194	inf
norm	2.397577104770647e-05	2605.799226941681	-173194.88684317886	inf
genlogistic	2.706051918919928e-05	1824.864675827157	-172122.66081845577	inf
logistic	3.2574581361134245e-05	1801.897911366724	-170502.69194131618	inf
