	sumsquare_error	aic	bic	kl_div
genlogistic	4.626796295825453e-05	1246.7035614150686	-167371.02930121456	inf
gennorm	4.6336947029608743e-05	1276.6617775033565	-167357.94536804574	inf
logistic	5.054019316274337e-05	1246.6280958152756	-166604.49101093496	inf
gamma	7.631422965396016e-05	1300.803570345968	-162976.43184115013	inf
norm	8.378111773310228e-05	1308.6324900391287	-162165.72805959458	inf
