	sumsquare_error	aic	bic	kl_div
gennorm	3.666657629306535e-05	1438.0010397575402	-169413.58343345945	inf
lognorm	5.481208084832283e-05	1485.117273755393	-165882.8241494258	inf
gamma	5.559897225454999e-05	1488.6093418784262	-165757.64470152892	inf
beta	5.5750925151197966e-05	1491.1048215055125	-165724.5956314582	inf
chi	5.881651853173193e-05	1501.4903600379653	-165263.58671362288	inf
