	sumsquare_error	aic	bic	kl_div
norm	3.1071426560795706e-05	1332.4288287589095	-181941.14143444717	inf
