	sumsquare_error	aic	bic	kl_div
gennorm	4.026541314271997e-05	1397.5906170819292	-168631.74939297274	inf
lognorm	5.484062673043458e-05	1433.7938739875233	-165918.03433639978	inf
beta	5.603095105195651e-05	1438.9861748904607	-165720.33523503054	inf
gamma	5.604181248223432e-05	1435.4419530258415	-165727.71333539532	inf
f	5.6512445362305185e-05	1433.1651498287604	-165645.17361805114	inf
