	sumsquare_error	aic	bic	kl_div
gennorm	3.1199734030654826e-05	1725.587845325382	-170851.94567242326	inf
lognorm	3.324103287064118e-05	1802.2936113570383	-170295.31889738666	inf
beta	3.327600110273335e-05	1807.4126041389814	-170277.00381698748	inf
gamma	3.337505485535141e-05	1803.698839068008	-170259.97858485716	inf
norm	3.364214427196807e-05	1857.1990576264357	-170199.05149456416	inf
