	sumsquare_error	aic	bic	kl_div
norm	3.219072871610944e-05	1735.3501849938257	-139074.5620835592	inf
