	sumsquare_error	aic	bic	kl_div
genlogistic	1.605846677502037e-05	1401.5245912198761	-144074.8842518124	inf
gamma	1.8703833850665688e-05	1497.1737086914243	-142972.0600380705	inf
gengamma	1.909383901889721e-05	1501.252269362501	-142813.92555873495	inf
gennorm	2.67110080488077e-05	1447.514823962792	-140394.95675997087	inf
norm	3.0440802237180393e-05	1488.3991834454057	-139458.5619038638	inf
