	sumsquare_error	aic	bic	kl_div
norm	3.336955725971977e-05	1517.314261168869	-138915.39504219117	inf
gamma	3.493776764803698e-05	1524.1218775276036	-138574.10723183816	inf
gennorm	3.550118698174728e-05	1462.526413357614	-138458.31573176198	inf
genlogistic	4.4830425460612944e-05	1390.90254767853	-136769.53893721013	inf
logistic	4.5016524573481194e-05	1388.1000822483966	-136748.4419966709	inf
