	sumsquare_error	aic	bic	kl_div
norm	3.0440802237180393e-05	1488.3991834454057	-139458.5619038638	inf
