	sumsquare_error	aic	bic	kl_div
norm	4.468630029405631e-05	1441.3069824179868	-136821.63567775887	inf
