	sumsquare_error	aic	bic	kl_div
norm	2.1543367444245417e-05	1680.1756497268095	-142000.04239523457	inf
