	sumsquare_error	aic	bic	kl_div
genlogistic	4.147660733571571e-05	1415.7212501711665	-137372.3018352694	inf
gamma	4.8617065790445986e-05	1538.6393370999945	-136222.26383568186	inf
gennorm	6.887304514583652e-05	1463.6144765575025	-133700.64230106192	inf
norm	7.15859306667665e-05	1488.0853992219486	-133429.82189836397	inf
logistic	7.65205578681844e-05	1370.8063456810175	-132947.19713119368	inf
