	sumsquare_error	aic	bic	kl_div
logistic	2.9547470628977873e-05	1779.4362131256566	-139836.5008791746	inf
genlogistic	2.9893538388968898e-05	1781.0713863070237	-139743.30945289062	inf
gennorm	3.135820552385793e-05	1989.0647126954786	-139396.9940268631	inf
norm	3.214967936935839e-05	2446.7259560967636	-139225.413502476	inf
gamma	4.034857392477426e-05	2408.370434096217	-137571.93425179308	inf
