	sumsquare_error	aic	bic	kl_div
gennorm	1.8223317917140345e-05	1451.0120127749965	-143285.07847659374	inf
gamma	2.1346771240165802e-05	1501.6247577536988	-142140.03758890627	inf
genlogistic	2.210148122137451e-05	1392.7520028626263	-141888.55956438603	inf
norm	2.279510590979919e-05	1501.7572557539459	-141673.78356206146	inf
logistic	2.4468404127152268e-05	1387.6702641268296	-141161.06681841082	inf
