	sumsquare_error	aic	bic	kl_div
gengamma	2.3444987197117128e-05	1969.5775350420358	-141493.63813310026	inf
genlogistic	2.798465198884881e-05	1477.237289041389	-140221.04905592185	inf
gamma	2.8832128200892696e-05	1658.055104977709	-140005.05009039203	inf
gennorm	3.785678985322478e-05	1533.4139524757736	-138033.45311402387	inf
genextreme	3.815720024501763e-05	1876.298826459371	-137976.22726501292	inf
