	sumsquare_error	aic	bic	kl_div
norm	2.3895697490989008e-05	1568.2743915329586	-141353.022026361	inf
