	sumsquare_error	aic	bic	kl_div
gennorm	3.569448292841695e-05	1294.6993648172834	-160111.6658887265	0.017075490272245617
logistic	0.00011023617054228996	1307.042339915746	-150747.83965999514	0.0416970524919873
genlogistic	0.0001102412903181249	1309.07402425619	-150738.4281733771	0.04169617271592573
gamma	0.00024710243725704217	1302.7494888905032	-144029.55143990624	0.07998347899799359
norm	0.0002495301879729858	1300.3128337624114	-143957.31109182953	0.08048414569498939
