	sumsquare_error	aic	bic	kl_div
norm	0.0002495301879729858	1300.3128337624114	-143957.31109182953	0.08048414569498939
