	sumsquare_error	aic	bic	kl_div
norm	2.3136363235989013e-05	1608.4831532509234	-141586.79015244532	inf
