	sumsquare_error	aic	bic	kl_div
gennorm	1.7393790084961825e-05	1514.3204864782226	-143643.1338378608	inf
norm	2.0584973513402424e-05	1599.7727932786895	-142432.62515235617	inf
gamma	2.21019263003589e-05	1591.2436942515496	-141909.02040784134	inf
logistic	2.2372287881629307e-05	1439.0459281353792	-141829.89387767136	inf
genlogistic	2.2500547018786772e-05	1441.4482034177884	-141779.62434535634	inf
