	sumsquare_error	aic	bic	kl_div
gennorm	1.7501602166682014e-05	1538.055578613757	-143598.40276636425	inf
gamma	2.1020646303707108e-05	1618.1330979285747	-142272.12615456482	inf
genlogistic	2.1862163760612792e-05	1445.3535322131775	-141987.97840424802	inf
norm	2.3136363235989013e-05	1608.4831532509234	-141586.79015244532	inf
logistic	2.868855517168064e-05	1429.6376113866047	-140029.73393180102	inf
