	sumsquare_error	aic	bic	kl_div
logistic	3.357156277481851e-05	1362.8588425771832	-148861.39835807227	0.025996503353809458
genlogistic	3.37091147643719e-05	1364.5135253408143	-148820.8298144623	0.025991998588434862
gennorm	4.238798403598363e-05	1337.2736019340048	-147049.45445386224	0.023372804433764934
norm	0.00013974055408693723	1378.4560102011396	-137834.73009885362	0.06485978443772937
gamma	0.00013974602214684236	1380.8328444300805	-137825.47442810732	0.06495615901385934
