	sumsquare_error	aic	bic	kl_div
gennorm	4.069277208445076e-05	1300.180359093533	-160653.63460008995	0.016214221256101065
genlogistic	9.880326432202471e-05	1316.2244107498934	-153208.37083995753	0.03767987718878742
logistic	9.891932225911625e-05	1314.3040800374633	-153207.55305339547	0.03773376444757498
gamma	0.00022978628110244853	1314.5094581482806	-146124.5192014477	0.074855765810947
norm	0.00023159184309594393	1311.5119831563711	-146067.86351083094	0.07513469530608095
