	sumsquare_error	aic	bic	kl_div
gamma	2.150291936797013e-05	1682.4393296506414	-142004.75058463024	inf
norm	2.1543367444245417e-05	1680.1756497268095	-142000.04239523457	inf
gennorm	2.231399400685871e-05	1580.3782216402162	-141736.9095274185	inf
genlogistic	2.6147383460498444e-05	1489.6975405223625	-140590.0665341268	inf
logistic	2.7344124344708115e-05	1484.5144239248714	-140275.2131554405	inf
