	sumsquare_error	aic	bic	kl_div
norm	3.214967936935839e-05	2446.7259560967636	-139225.413502476	inf
