	sumsquare_error	aic	bic	kl_div
norm	1.7866818735172633e-05	1800.8089086950881	-143436.96448171927	inf
