	sumsquare_error	aic	bic	kl_div
genlogistic	2.360113670364392e-05	1475.1902823423893	-141454.46516008538	inf
gamma	3.18273344431576e-05	1634.051862887245	-139289.48348599597	inf
genextreme	3.556409599646881e-05	1778.6697595885712	-138485.76315626706	inf
gennorm	4.265001668024137e-05	1521.803959746488	-137170.31976951184	inf
logistic	4.5783287361112884e-05	1431.6689105284956	-136665.95301387183	inf
