	sumsquare_error	aic	bic	kl_div
norm	3.546330073390193e-05	1702.9739997792783	-138495.0651290794	inf
