	sumsquare_error	aic	bic	kl_div
genlogistic	3.781595645556388e-05	1346.5823551136054	-161026.4015417583	0.02673624720562986
logistic	3.817845199301483e-05	1345.0113586447735	-160955.47943058633	0.02687297726599213
gennorm	5.046406863267966e-05	1325.3633513541429	-158608.2280179542	0.02333211372669251
norm	0.00013116825893665204	1357.6495693158506	-150611.56838830546	0.06405608163915189
gamma	0.00013153419179495144	1359.9399168106834	-150579.18592838157	0.06397085570479377
