	sumsquare_error	aic	bic	kl_div
norm	3.485198459125832e-05	1615.7020291510098	-139003.83982161776	inf
