	sumsquare_error	aic	bic	kl_div
norm	9.289740881044193e-05	1480.0446802478807	-134784.97444138172	0.03688291653188411
