	sumsquare_error	aic	bic	kl_div
norm	2.744758482783419e-05	1484.3656286022592	-140349.8431564872	inf
