	sumsquare_error	aic	bic	kl_div
norm	0.00019625004731927076	1320.851298566292	-148237.72304182302	0.0705840834955448
