	sumsquare_error	aic	bic	kl_div
genlogistic	1.8449378471263412e-05	1394.352733858079	-143112.69575735755	inf
gamma	2.0472970169681845e-05	1493.217459915473	-142359.81861734993	inf
gennorm	2.3168164208466437e-05	1426.4701055298526	-141465.16367853573	inf
logistic	2.678618757104246e-05	1374.759017743703	-140424.34429544368	inf
norm	2.763873421751611e-05	1470.39721029395	-140197.68978645053	inf
