	sumsquare_error	aic	bic	kl_div
genlogistic	1.3618620674839728e-05	1434.5048709196678	-145308.88505379268	inf
logistic	2.4849723374792455e-05	1414.2711720909117	-140967.1818095901	inf
gennorm	2.7006445721828504e-05	1455.729245140963	-140356.21705763173	inf
gamma	2.8073806532580387e-05	1546.94956430555	-140075.81693233296	inf
gengamma	3.577762520703036e-05	1610.8471779387037	-138312.78872949132	inf
