	sumsquare_error	aic	bic	kl_div
norm	2.279510590979919e-05	1501.7572557539459	-141673.78356206146	inf
