	sumsquare_error	aic	bic	kl_div
gennorm	3.494923796224735e-05	1298.5335824775093	-156779.25776096812	0.024245632501853923
genlogistic	0.00014663324566533678	1314.155924838911	-145107.62347984253	0.05543150639037853
logistic	0.00014727429951314218	1311.7831771008166	-145081.1232301288	0.055619510520226526
gamma	0.00029969690999275076	1303.5050818416887	-139289.56414290133	0.10078056087999304
norm	0.00030252961003509894	1301.572535638312	-139222.00097868065	0.10119077652551721
