	sumsquare_error	aic	bic	kl_div
logistic	3.5452872767337214e-05	1383.6207880662876	-144684.8358833438	0.022459188525570925
genlogistic	3.566636283105423e-05	1385.3124587353354	-144630.6028872956	0.022516265350663783
gennorm	4.5367459206852544e-05	1356.7880490844154	-142815.13290617397	0.02310959065480633
gamma	0.00012767100278931166	1418.0787294378313	-135007.57666992134	0.054153385924548304
norm	0.00012841965943397084	1415.6467444732423	-134972.3852934549	0.05436023509976398
