	sumsquare_error	aic	bic	kl_div
gennorm	2.1318901834034603e-05	1443.3301302302646	-142108.2084494721	inf
norm	2.4271736408446248e-05	1497.1836465697954	-141178.45239982332	inf
gamma	2.4631339085304636e-05	1502.433600680727	-141063.14560769917	inf
logistic	2.9261259764328574e-05	1376.8523048124418	-139825.66855151855	inf
genlogistic	2.9346388099774977e-05	1380.8993445345006	-139795.76095338943	inf
