	sumsquare_error	aic	bic	kl_div
norm	0.00016933588515022854	1365.2622441902074	-145365.6482671397	0.07500550298893874
