	sumsquare_error	aic	bic	kl_div
norm	3.997033293504837e-05	1598.9905736395726	-137649.01192410142	inf
