	sumsquare_error	aic	bic	kl_div
gennorm	1.7083772468280658e-05	1392.9050121759778	-143794.18585471687	inf
genlogistic	1.989512396090829e-05	1358.084609401516	-142691.20342013217	inf
logistic	1.99127419460419e-05	1356.1411797218461	-142693.68230333165	inf
norm	4.465948201058536e-05	1448.355517587202	-136845.8849105097	inf
gamma	4.5515013325071576e-05	1453.8743257456867	-136699.61428498614	inf
