	sumsquare_error	aic	bic	kl_div
norm	7.15859306667665e-05	1488.0853992219486	-133429.82189836397	inf
