	sumsquare_error	aic	bic	kl_div
gennorm	3.8810714535082865e-05	1296.383453423746	-157862.3005765299	0.02104150891930124
genlogistic	0.00013491029495606003	1311.065192132986	-147602.20109688607	0.050386073036638626
logistic	0.00013507578283734656	1308.9320209502632	-147601.12196295557	0.05039429523023494
gamma	0.0002842544658862575	1300.7342608163794	-141464.98690853393	0.09395015359078808
norm	0.00028646940335239426	1298.550702150824	-141410.08387456613	0.09412010311183933
