	sumsquare_error	aic	bic	kl_div
gennorm	2.0508831583256148e-05	1551.4016762005724	-142450.56395563082	inf
genlogistic	2.4339945996370386e-05	1463.7690298575492	-141210.78916925358	inf
logistic	2.533171943392711e-05	1463.9357161591663	-140930.56179290434	inf
norm	2.942494645530025e-05	1651.6221178554424	-139846.2646278235	inf
gamma	3.114804890189409e-05	1658.6520146588346	-139425.41477263876	inf
