	sumsquare_error	aic	bic	kl_div
gennorm	3.228387600973351e-05	1288.7166747213837	-155858.71527017475	0.027177111091641448
genlogistic	6.969191940285906e-05	1301.984724587354	-149654.8735193525	0.041971788832734044
logistic	7.087746544471655e-05	1299.34097901349	-149527.87724834337	0.042372389477691286
gamma	0.00018054182736922602	1292.9552878344543	-141980.83224150864	0.08182043211323871
norm	0.00018450746615107725	1290.3066554284349	-141814.66047186736	0.08267733605521439
