	sumsquare_error	aic	bic	kl_div
genlogistic	1.714110929649409e-05	1529.5343064052938	-143707.34517993443	inf
logistic	1.7521419338237898e-05	1531.5258118211002	-143557.42005702	inf
gennorm	1.8099114361621512e-05	1626.3267931090525	-143313.77268816024	inf
norm	2.9245004469546964e-05	1788.5655125694075	-139850.0158492619	inf
gamma	3.3197450292608316e-05	1810.0165875713353	-138923.73562763364	inf
