	sumsquare_error	aic	bic	kl_div
gennorm	4.2550903373052054e-05	1304.270186617172	-161123.17049661712	0.01752543237431387
genlogistic	7.368603011462894e-05	1321.3194003831318	-156491.40955445496	0.033469379239792145
logistic	7.423594030964025e-05	1319.5135319311519	-156437.7340142778	0.033659427317937946
gamma	0.00019608091121886702	1322.902788329126	-148235.95564991693	0.07044609393526376
norm	0.00019625004731927076	1320.851298566292	-148237.72304182302	0.0705840834955448
