	sumsquare_error	aic	bic	kl_div
norm	2.0584973513402424e-05	1599.7727932786895	-142432.62515235617	inf
