	sumsquare_error	aic	bic	kl_div
norm	0.00013974055408693723	1378.4560102011396	-137834.73009885362	0.06485978443772937
