	sumsquare_error	aic	bic	kl_div
norm	0.00018025487826186612	1357.3595917593684	-142412.2286773588	0.07917868259982717
