	sumsquare_error	aic	bic	kl_div
norm	0.00012841965943397084	1415.6467444732423	-134972.3852934549	0.05436023509976398
