	sumsquare_error	aic	bic	kl_div
gamma	2.316085391179026e-05	1503.5683229503045	-141570.24422401917	inf
norm	2.744758482783419e-05	1484.3656286022592	-140349.8431564872	inf
gennorm	2.7999489086325446e-05	1445.3278817199705	-140196.84130224717	inf
genlogistic	3.252843361905949e-05	1384.629075406362	-139111.51016231073	inf
logistic	4.542358795299926e-05	1360.1713784098565	-136703.1726638795	inf
