	sumsquare_error	aic	bic	kl_div
gennorm	1.6220207368707228e-05	1478.8949736645693	-144232.4826170874	inf
logistic	1.8229047735504275e-05	1415.866052625811	-143395.68846309814	inf
genlogistic	1.8588150679443487e-05	1418.4268134426795	-143245.5044727098	inf
gamma	3.084459278370952e-05	1542.9250695604205	-139577.3802453096	inf
norm	3.086714713819752e-05	1544.7425179267184	-139580.97370481573	inf
