	sumsquare_error	aic	bic	kl_div
gennorm	2.13251001012063e-05	1568.273188986314	-142168.03168445858	inf
genlogistic	2.302502154692105e-05	1497.9799330141598	-141612.8240523545	inf
logistic	2.3094995854819675e-05	1496.8020644792336	-141599.7449328409	inf
norm	3.546330073390193e-05	1702.9739997792783	-138495.0651290794	inf
gamma	3.739192081035361e-05	1702.2683081159248	-138102.82737723828	inf
