	sumsquare_error	aic	bic	kl_div
norm	3.086714713819752e-05	1544.7425179267184	-139580.97370481573	inf
