	sumsquare_error	aic	bic	kl_div
norm	4.987464970163205e-05	1558.5705839039772	-137293.49295147447	inf
