	sumsquare_error	aic	bic	kl_div
gennorm	2.8093966913120138e-05	1396.2073064235099	-140172.45608216358	inf
genlogistic	3.084846689764706e-05	1352.1764804756058	-139495.37647874156	inf
logistic	3.107918671996089e-05	1350.2685082201306	-139450.32372667818	inf
norm	4.468630029405631e-05	1441.3069824179868	-136821.63567775887	inf
gamma	4.5428640612993777e-05	1442.8520899529556	-136693.48024537024	inf
