	sumsquare_error	aic	bic	kl_div
norm	1.637640678541952e-05	1878.6530561087773	-144109.23361688788	inf
