	sumsquare_error	aic	bic	kl_div
gennorm	1.3775296459290806e-05	1510.471097576046	-145732.06657042782	inf
genlogistic	1.5060400607925488e-05	1465.7360163756812	-145084.7114230443	inf
logistic	1.514309839156019e-05	1460.39949579412	-145053.85608532632	inf
gamma	3.448710567956742e-05	1619.5728954679014	-139071.33733820904	inf
norm	3.485198459125832e-05	1615.7020291510098	-139003.83982161776	inf
