	sumsquare_error	aic	bic	kl_div
gamma	2.2720186939162564e-05	1543.6427808264716	-141647.5666249085	inf
genlogistic	2.283768852267705e-05	1425.1558119002366	-141610.24076916988	inf
gengamma	3.176557100286109e-05	1513.6347136788982	-139213.684847406	inf
gennorm	3.373861754082194e-05	1452.381240996793	-138786.52979041936	inf
norm	3.57567886290077e-05	1502.7879056736851	-138375.02642957814	inf
