	sumsquare_error	aic	bic	kl_div
gennorm	4.363895845418905e-05	1326.348501842025	-153869.7508111569	0.023337009777040396
logistic	4.849803019576447e-05	1352.156025532563	-153025.29722108535	0.0326618857891552
genlogistic	4.88730061126988e-05	1353.6090495718945	-152954.03629389632	0.03264830033151576
gamma	0.0001798353438364443	1359.4297612372188	-142422.06808011816	0.07910170092207605
norm	0.00018025487826186612	1357.3595917593684	-142412.2286773588	0.07917868259982717
