	sumsquare_error	aic	bic	kl_div
norm	2.8231250587645714e-05	1549.459499480905	-140207.1422011019	inf
