	sumsquare_error	aic	bic	kl_div
norm	0.00015386596859659412	1359.5735151132376	-148183.0049249087	0.07386835841356686
