	sumsquare_error	aic	bic	kl_div
norm	0.00023159184309594393	1311.5119831563711	-146067.86351083094	0.07513469530608095
