	sumsquare_error	aic	bic	kl_div
gennorm	1.7989761633333455e-05	1526.2954312825352	-143420.0678074067	inf
genlogistic	2.4892922481126532e-05	1430.5720971167698	-141068.6553407359	inf
logistic	2.4984753043608593e-05	1433.8944498408862	-141050.88333437734	inf
norm	3.02643086488554e-05	1631.5885512774644	-139662.9512594549	inf
gamma	3.928727600283328e-05	1657.4529918589578	-137764.91899186204	inf
