	sumsquare_error	aic	bic	kl_div
norm	2.4271736408446248e-05	1497.1836465697954	-141178.45239982332	inf
