	sumsquare_error	aic	bic	kl_div
norm	0.00016565951071286734	1333.8744793003996	-149892.03078135866	0.06440650085215516
