	sumsquare_error	aic	bic	kl_div
gennorm	3.8985028140047015e-05	1314.7967470157132	-161720.0884861979	0.01909094874552534
genlogistic	4.222021787248363e-05	1334.1353902226406	-161048.1954799231	0.0261982339905731
logistic	4.297437875480251e-05	1332.4719421926993	-160908.01796171238	0.026418913443656596
gamma	0.00014325089971380266	1342.9191150637407	-150751.721082524	0.06229248487154178
norm	0.00014352599708607094	1340.586328158092	-150744.5908844091	0.062468311162260606
