	sumsquare_error	aic	bic	kl_div
norm	3.837814978063337e-05	1526.2684607841697	-137822.984035134	inf
