	sumsquare_error	aic	bic	kl_div
norm	0.00028646940335239426	1298.550702150824	-141410.08387456613	0.09412010311183933
