	sumsquare_error	aic	bic	kl_div
logistic	4.3843655721614404e-05	1356.5881124830187	-156466.20153334862	0.02998841547774379
genlogistic	4.3877963976059804e-05	1357.8463071601511	-156450.7619813732	0.02983249913869624
gennorm	4.826132147817395e-05	1330.4164317276545	-155668.54440444944	0.022392949753848153
gamma	0.00016910612648046426	1367.3655133074565	-145367.788412202	0.07497575728760618
norm	0.00016933588515022854	1365.2622441902074	-145365.6482671397	0.07500550298893874
