	sumsquare_error	aic	bic	kl_div
norm	0.00018351962097787645	1359.678038307103	-139274.04332517248	0.08286547354508113
