	sumsquare_error	aic	bic	kl_div
gennorm	1.738021733738098e-05	1680.481819748002	-143627.9378571739	inf
norm	1.7866818735172633e-05	1800.8089086950881	-143436.96448171927	inf
gamma	1.9506819438492676e-05	1807.3910302112272	-142792.44470040634	inf
genlogistic	3.069001826568173e-05	1527.6618220216085	-139512.37603240545	inf
logistic	3.0834595846011647e-05	1525.2515678329007	-139487.24570827468	inf
