	sumsquare_error	aic	bic	kl_div
norm	0.00030252961003509894	1301.572535638312	-139222.00097868065	0.10119077652551721
