	sumsquare_error	aic	bic	kl_div
norm	4.465948201058536e-05	1448.355517587202	-136845.8849105097	inf
