	sumsquare_error	aic	bic	kl_div
norm	3.336955725971977e-05	1517.314261168869	-138915.39504219117	inf
