	sumsquare_error	aic	bic	kl_div
genlogistic	2.0427561640464286e-05	1444.9565071776576	-142417.25105895128	inf
gennorm	2.3231153745093674e-05	1495.6821758614053	-141486.6351632862	inf
gamma	2.591326295410278e-05	1579.1676667067338	-140696.02467232422	inf
logistic	2.6255395221633624e-05	1432.2338081676048	-140609.9999278795	inf
norm	3.1409543625227865e-05	1570.210514395665	-139313.01723522623	inf
