	sumsquare_error	aic	bic	kl_div
norm	4.6733120819880686e-05	1482.8877484966924	-136417.99765676158	inf
