	sumsquare_error	aic	bic	kl_div
gamma	3.923025883104847e-05	1610.2663486645924	-137775.43395255602	inf
genlogistic	4.192634778595131e-05	1453.4663811578241	-137294.21941203283	inf
gennorm	5.225756770118537e-05	1519.4014446232761	-135699.462715132	inf
norm	5.226455272582705e-05	1554.2888427423454	-135707.38241935289	inf
logistic	6.856628098472269e-05	1401.9807694860885	-133741.84904751452	inf
