	sumsquare_error	aic	bic	kl_div
gennorm	4.150331226680131e-05	1311.0129595947033	-161574.99974872242	0.017743212884751513
genlogistic	5.633279701589203e-05	1329.0630069871384	-158994.41026451727	0.028449898957549975
logistic	5.76523385657938e-05	1327.4125349604883	-158807.87079562136	0.02881680316155218
norm	0.00016565951071286734	1333.8744793003996	-149892.03078135866	0.06440650085215516
gamma	0.00016573816005760426	1335.9265591943285	-149878.97982609566	0.06434480713035229
