	sumsquare_error	aic	bic	kl_div
logistic	5.1362645799616e-05	1355.128290262097	-149363.2740451465	0.03539787111225074
genlogistic	5.1464641595543235e-05	1356.5972508189136	-149338.57865017315	0.03536873794412178
gennorm	5.183444673700136e-05	1328.3428457564094	-149281.85058606352	0.02807364981861944
gamma	0.00018334109623762118	1361.9635920118067	-139272.77690973235	0.08284001498744695
norm	0.00018351962097787645	1359.678038307103	-139274.04332517248	0.08286547354508113
