	sumsquare_error	aic	bic	kl_div
norm	3.02643086488554e-05	1631.5885512774644	-139662.9512594549	inf
