	sumsquare_error	aic	bic	kl_div
gennorm	2.6399680279207947e-05	1493.05172730752	-140520.6000756184	inf
genlogistic	2.9796366053353655e-05	1409.6312582636801	-139645.03619796346	inf
logistic	3.129255641092448e-05	1411.489303092741	-139299.50149953592	inf
norm	3.4213399000394945e-05	1551.0348576030026	-138653.960346621	inf
gamma	3.954016194658184e-05	1567.6577107826058	-137598.3171639296	inf
