	sumsquare_error	aic	bic	kl_div
gamma	1.63108395967762e-05	1880.7697368157303	-144129.39164097904	inf
norm	1.637640678541952e-05	1878.6530561087773	-144109.23361688788	inf
gennorm	1.9436060349438197e-05	1740.5434632410777	-142860.21798416832	inf
genlogistic	2.9027031673288556e-05	1572.3486719708096	-139956.27280151757	inf
logistic	3.244609280066888e-05	1561.7081825137527	-139158.96802985505	inf
