	sumsquare_error	aic	bic	kl_div
gennorm	2.122460137365117e-05	1510.9047886607368	-142202.2275361989	inf
gamma	2.1287964878335448e-05	1574.1462924529944	-142180.64856365003	inf
norm	2.3895697490989008e-05	1568.2743915329586	-141353.022026361	inf
genlogistic	2.80271289304005e-05	1422.6145072756906	-140189.6988098186	inf
logistic	3.590238196583187e-05	1410.3291087500484	-138405.98732515587	inf
