	sumsquare_error	aic	bic	kl_div
genlogistic	2.5340296146036935e-05	1408.4564128751465	-140837.3453690182	inf
gamma	3.266719570704856e-05	1507.8923172792	-138999.83245822697	inf
gennorm	4.1488340637757984e-05	1428.5517001206445	-137270.37043043578	inf
genextreme	4.242827577675876e-05	1581.1852161504846	-137108.2877480517	inf
logistic	4.3304688941851075e-05	1383.2270839505957	-136969.24836674612	inf
