	sumsquare_error	aic	bic	kl_div
gennorm	2.2361280012351835e-05	1613.5451167043304	-141701.00179820496	inf
genlogistic	2.6737399366159177e-05	1494.5056621871324	-140408.2302162896	inf
logistic	2.762114807199677e-05	1497.8533779256038	-140181.91101526975	inf
norm	3.219072871610944e-05	1735.3501849938257	-139074.5620835592	inf
gamma	4.1035478277127276e-05	1751.4127088486057	-137309.80320274507	inf
