	sumsquare_error	aic	bic	kl_div
genlogistic	3.739804223346036e-05	1378.4699850208226	-137981.160570586	inf
gennorm	3.924333080727232e-05	1444.0528765331842	-137632.79645093187	inf
logistic	4.15457581563331e-05	1380.702534112823	-137229.3012350598	inf
norm	5.168957535143248e-05	1501.709096492822	-135649.17500722012	inf
gamma	6.058722732527177e-05	1511.9089884082787	-134491.48584207392	inf
