	sumsquare_error	aic	bic	kl_div
norm	2.9245004469546964e-05	1788.5655125694075	-139850.0158492619	inf
