	sumsquare_error	aic	bic	kl_div
norm	2.1752716757932748e-05	1628.196628878934	-142033.19675281126	inf
gennorm	2.2871227024337692e-05	1561.317125406824	-141661.33881121545	inf
gamma	2.3822477777955657e-05	1653.4160486927897	-141366.35013533058	inf
logistic	3.487109960919199e-05	1447.2457103818174	-138616.969779715	inf
genlogistic	3.502046486623958e-05	1448.2229515497038	-138577.14156157328	inf
