	sumsquare_error	aic	bic	kl_div
norm	3.4213399000394945e-05	1551.0348576030026	-138653.960346621	inf
