	sumsquare_error	aic	bic	kl_div
norm	3.57567886290077e-05	1502.7879056736851	-138375.02642957814	inf
