	sumsquare_error	aic	bic	kl_div
norm	0.00014352599708607094	1340.586328158092	-150744.5908844091	0.062468311162260606
