	sumsquare_error	aic	bic	kl_div
gennorm	1.5492619631051425e-05	1487.0587011082625	-144543.9309528311	inf
logistic	1.8828662665098023e-05	1418.2391695558863	-143140.50867111547	inf
genlogistic	1.8965136486987167e-05	1420.5459224022811	-143079.31890876006	inf
norm	2.8231250587645714e-05	1549.459499480905	-140207.1422011019	inf
gamma	2.8643608089107185e-05	1551.7615934587502	-140093.2399453758	inf
