	sumsquare_error	aic	bic	kl_div
norm	0.00018450746615107725	1290.3066554284349	-141814.66047186736	0.08267733605521439
