	sumsquare_error	aic	bic	kl_div
norm	2.763873421751611e-05	1470.39721029395	-140197.68978645053	inf
