	sumsquare_error	aic	bic	kl_div
norm	5.226455272582705e-05	1554.2888427423454	-135707.38241935289	inf
