	sumsquare_error	aic	bic	kl_div
norm	2.942494645530025e-05	1651.6221178554424	-139846.2646278235	inf
