	sumsquare_error	aic	bic	kl_div
norm	0.00013116825893665204	1357.6495693158506	-150611.56838830546	0.06405608163915189
