	sumsquare_error	aic	bic	kl_div
genlogistic	1.4705739304262658e-05	1449.1745386753707	-146203.56827402592	inf
logistic	1.5209902261876821e-05	1443.9522508744199	-145966.2887006298	inf
gennorm	2.034613488365421e-05	1450.252081910031	-143832.62657230726	inf
gamma	4.891639380482573e-05	1567.6713738202043	-137426.27700778254	inf
norm	4.987464970163205e-05	1558.5705839039772	-137293.49295147447	inf
