	sumsquare_error	aic	bic	kl_div
genlogistic	2.239892549635958e-05	1418.1513319570058	-145315.2387919752	0.015480042415763092
logistic	2.2569518101269115e-05	1415.9075683716799	-145267.9353037145	0.015550183162462058
gennorm	2.468532890807152e-05	1391.762733130084	-144595.11283497507	0.0183692527805421
gamma	9.262418829725195e-05	1482.1207190359394	-134797.88670320727	0.03678642445158023
norm	9.289740881044193e-05	1480.0446802478807	-134784.97444138172	0.03688291653188411
