	sumsquare_error	aic	bic	kl_div
norm	3.1409543625227865e-05	1570.210514395665	-139313.01723522623	inf
