	sumsquare_error	aic	bic	kl_div
genlogistic	4.278881666449029e-05	1351.9365364721045	-158825.79611156596	0.03079796433123445
logistic	4.292625306399653e-05	1350.4041503054675	-158808.13250396555	0.03095750570712003
gennorm	5.908423810817306e-05	1327.4090643743868	-156140.0687598062	0.026148175924729546
gamma	0.00015331866750058933	1362.7147269896975	-148203.63582701152	0.07386283908888876
norm	0.00015386596859659412	1359.5735151132376	-148183.0049249087	0.07386835841356686
