	sumsquare_error	aic	bic	kl_div
norm	5.168957535143248e-05	1501.709096492822	-135649.17500722012	inf
