	sumsquare_error	aic	bic	kl_div
norm	4.912976992733552e-05	1582.1420013544994	-136155.19965903164	inf
